,17215,80876,68713,12527,19231,52696,20646,67062,67826,106529
52525_GSM1268909_SRR1033320,1,1,0,3,0,0,0,1,3,0
52525_GSM1268915_SRR1033326,0,0,0,2,0,0,1,1,2,0
52525_GSM1268918_SRR1033329,0,4,0,1,0,0,0,2,3,0
52525_GSM1268921_SRR1033332,1,2,0,1,0,0,0,0,1,1
52525_GSM1268930_SRR1033341,0,1,0,2,0,0,1,2,2,1
52525_GSM1268932_SRR1033343,0,4,0,1,0,0,0,1,1,0
52525_GSM1268933_SRR1033344,0,0,0,2,0,0,0,2,0,1
52564_GSM1269905_SRR1033785,1,2,0,3,0,0,0,1,3,0
52564_GSM1269906_SRR1033786,1,0,0,1,0,0,0,2,3,1
63576_GSM1552873_SRR1660572,1,1,0,1,0,0,0,2,1,1
63576_GSM1552874_SRR1660573,1,1,0,3,0,0,1,1,1,0
63576_GSM1552875_SRR1660574,0,2,0,1,0,0,0,2,2,0
63576_GSM1552876_SRR1660575,0,0,0,0,0,0,1,2,1,1
63576_GSM1552877_SRR1660576,0,0,0,1,0,0,0,0,1,0
63576_GSM1552878_SRR1660577,0,4,0,0,0,0,1,2,3,0
63576_GSM1552879_SRR1660578,2,4,0,2,0,0,0,2,1,0
63576_GSM1552880_SRR1660579,0,1,0,2,0,0,0,1,3,0
63576_GSM1552881_SRR1660580,1,3,0,1,0,0,1,2,0,0
63576_GSM1552882_SRR1660581,1,4,0,0,0,0,1,2,1,1
63576_GSM1552883_SRR1660582,2,0,0,3,0,0,1,0,2,1
63576_GSM1552884_SRR1660583,1,1,0,2,0,0,0,2,2,0
63576_GSM1552885_SRR1660584,2,0,0,3,0,0,1,1,0,0
63576_GSM1552886_SRR1660585,2,2,0,2,0,0,0,0,3,0
63576_GSM1552887_SRR1660586,1,2,0,2,0,0,0,1,1,0
63576_GSM1552888_SRR1660587,0,1,0,3,0,0,0,1,1,0
63576_GSM1552889_SRR1660588,0,2,0,2,0,0,0,0,0,0
63576_GSM1552890_SRR1660589,1,2,0,0,0,0,0,2,0,1
63576_GSM1552891_SRR1660590,1,0,0,0,0,0,1,1,2,0
63576_GSM1552892_SRR1660591,1,3,0,3,0,0,0,0,1,0
63576_GSM1552893_SRR1660592,2,3,0,1,0,0,1,0,1,1
63576_GSM1552894_SRR1660593,1,2,0,2,0,0,0,0,1,0
63576_GSM1552895_SRR1660594,0,0,0,3,0,0,0,0,2,1
63576_GSM1552896_SRR1660595,0,1,0,0,0,0,0,2,2,0
63576_GSM1552897_SRR1660596,2,4,0,2,0,0,0,1,0,0
63576_GSM1552898_SRR1660597,0,4,0,3,0,0,0,2,2,0
63576_GSM1552899_SRR1660598,0,1,0,0,0,0,0,2,1,0
63576_GSM1552900_SRR1660599,2,1,0,3,0,0,0,0,2,1
63576_GSM1552901_SRR1660600,1,0,0,2,0,0,0,0,1,0
63576_GSM1552902_SRR1660601,1,0,0,2,0,0,0,1,0,0
63576_GSM1552903_SRR1660602,0,3,0,1,0,0,1,2,3,0
63576_GSM1552904_SRR1660603,2,4,0,3,0,0,0,0,3,0
63576_GSM1552905_SRR1660604,1,3,0,2,0,0,1,2,1,0
63576_GSM1552906_SRR1660605,1,4,0,2,0,0,0,1,1,0
63576_GSM1552907_SRR1660606,0,4,0,1,0,0,0,2,2,1
63576_GSM1552908_SRR1660607,0,0,0,3,0,0,0,0,1,1
63576_GSM1552909_SRR1660608,0,4,0,2,0,0,1,1,3,0
63576_GSM1552910_SRR1660609,1,2,0,1,0,0,0,2,2,0
63576_GSM1552911_SRR1660610,0,3,0,3,0,0,0,0,0,0
63576_GSM1552912_SRR1660611,0,0,0,2,0,0,0,1,3,0
63576_GSM1552913_SRR1660612,0,1,0,2,0,0,0,0,1,0
63576_GSM1552914_SRR1660613,2,2,0,1,0,0,1,1,1,0
63576_GSM1552915_SRR1660614,0,0,0,3,0,0,0,2,1,1
63576_GSM1552916_SRR1660615,1,0,0,2,0,0,0,0,1,0
63576_GSM1552917_SRR1660616,0,4,0,3,0,0,0,2,1,0
63576_GSM1552918_SRR1660617,0,4,0,1,0,0,0,1,0,0
63576_GSM1552919_SRR1660618,1,3,0,3,0,0,0,0,2,0
63576_GSM1552920_SRR1660619,0,4,0,1,0,0,1,1,1,0
63576_GSM1552921_SRR1660620,0,4,0,1,0,0,1,1,2,0
63576_GSM1552922_SRR1660621,0,2,0,3,0,0,0,0,3,0
63576_GSM1552923_SRR1660622,2,3,0,2,0,0,0,2,3,1
63576_GSM1552924_SRR1660623,1,2,0,3,0,0,0,2,3,0
63576_GSM1552925_SRR1660624,1,0,0,2,0,0,0,1,0,0
63576_GSM1552926_SRR1660625,0,1,0,0,0,0,0,0,1,0
63576_GSM1552927_SRR1660626,2,0,0,0,1,0,0,1,2,0
63576_GSM1552928_SRR1660627,0,2,0,2,0,0,0,1,3,0
63576_GSM1552929_SRR1660628,2,2,0,1,0,0,0,1,1,0
63576_GSM1552930_SRR1660629,1,2,0,1,0,0,0,2,2,0
63576_GSM1552931_SRR1660630,0,1,0,3,0,0,0,2,1,0
63576_GSM1552932_SRR1660631,1,1,0,0,0,0,1,2,0,0
63576_GSM1552933_SRR1660632,0,2,0,1,0,0,0,2,2,0
63576_GSM1552936_SRR1660635,1,3,0,1,0,0,0,0,1,1
63576_GSM1552937_SRR1660636,1,2,0,3,0,0,0,1,1,0
63576_GSM1552938_SRR1660637,0,3,0,0,0,0,0,0,0,0
63576_GSM1552939_SRR1660638,1,2,0,2,0,0,0,2,2,1
63576_GSM1552940_SRR1660639,0,3,0,1,0,0,1,2,1,1
63576_GSM1552941_SRR1660640,0,2,0,2,0,0,0,0,1,1
63576_GSM1552942_SRR1660641,1,0,0,2,0,0,0,0,3,1
63576_GSM1552943_SRR1660642,1,3,0,2,0,0,0,2,2,0
63576_GSM1552944_SRR1660643,0,4,0,3,0,0,0,2,3,1
63576_GSM1552945_SRR1660644,1,1,0,1,0,0,0,2,3,0
63576_GSM1552946_SRR1660645,0,1,0,2,0,0,0,1,3,0
63576_GSM1552947_SRR1660646,1,0,0,1,0,0,1,2,0,0
63576_GSM1552948_SRR1660647,0,1,0,2,0,0,0,1,1,0
63576_GSM1552949_SRR1660648,1,1,0,1,0,0,0,1,1,0
63576_GSM1552951_SRR1660650,1,1,0,2,0,0,0,1,3,0
63576_GSM1552953_SRR1660652,0,2,0,2,0,0,0,2,1,0
63576_GSM1552955_SRR1660654,1,2,0,2,0,0,0,0,2,1
63576_GSM1552956_SRR1660655,2,0,0,3,0,0,0,1,3,0
63576_GSM1552957_SRR1660656,0,1,0,3,0,0,1,1,1,0
63576_GSM1552960_SRR1660659,1,4,0,0,0,0,0,1,3,0
63576_GSM1552961_SRR1660660,1,0,0,3,0,0,0,1,0,0
63576_GSM1552962_SRR1660661,2,4,0,3,0,0,0,2,3,0
63576_GSM1552963_SRR1660662,0,2,0,0,0,0,0,1,1,0
63576_GSM1552964_SRR1660663,2,4,0,2,0,0,0,2,1,0
63576_GSM1552965_SRR1660664,1,2,0,2,0,0,1,2,3,0
63576_GSM1552969_SRR1660668,2,0,0,1,0,0,0,0,1,1
63576_GSM1552970_SRR1660669,1,0,0,2,0,0,1,1,2,0
63576_GSM1552971_SRR1660670,0,4,0,2,0,0,0,1,1,0
63576_GSM1552972_SRR1660671,1,4,0,1,0,0,1,0,2,1
63576_GSM1552973_SRR1660672,1,4,0,1,0,0,0,0,2,1
63576_GSM1552974_SRR1660673,0,2,0,0,0,0,0,1,3,0
63576_GSM1552975_SRR1660674,2,3,0,3,0,0,1,0,1,0
63576_GSM1552976_SRR1660675,0,3,0,2,0,0,0,2,3,0
63576_GSM1552979_SRR1660678,2,3,0,3,0,0,1,0,1,0
63576_GSM1552980_SRR1660679,1,4,0,1,0,0,0,0,3,0
63576_GSM1552981_SRR1660680,0,4,0,0,0,0,0,2,3,0
63576_GSM1552983_SRR1660682,1,4,0,3,0,0,1,1,2,0
63576_GSM1552986_SRR1660685,0,4,0,2,0,0,1,1,3,0
63576_GSM1552988_SRR1660687,1,0,0,0,0,0,0,2,1,0
63576_GSM1552989_SRR1660688,1,4,0,1,0,0,1,1,3,0
63576_GSM1552990_SRR1660689,2,1,0,1,0,0,1,1,1,0
63576_GSM1552991_SRR1660690,1,2,0,3,0,0,0,2,1,0
63576_GSM1552993_SRR1660692,0,0,0,1,0,0,0,2,3,0
63576_GSM1552995_SRR1660694,0,2,0,1,0,0,0,2,1,0
63576_GSM1552996_SRR1660695,0,4,0,2,0,0,0,1,1,0
63576_GSM1552997_SRR1660696,0,2,0,1,0,0,1,2,1,0
63576_GSM1552999_SRR1660698,2,4,0,2,0,0,0,2,3,0
63576_GSM1553000_SRR1660699,1,0,0,0,0,0,1,0,2,0
63576_GSM1553001_SRR1660700,0,1,0,3,0,0,0,2,1,0
63576_GSM1553002_SRR1660701,1,3,0,1,0,0,0,0,3,1
63576_GSM1553003_SRR1660702,0,4,0,1,0,0,0,2,0,1
63576_GSM1553004_SRR1660703,0,2,0,1,0,0,0,2,3,0
63576_GSM1553005_SRR1660704,2,2,0,2,0,0,1,1,1,0
63576_GSM1553006_SRR1660705,1,2,0,0,0,0,0,0,1,0
63576_GSM1553007_SRR1660706,0,4,0,2,0,0,0,1,2,0
63576_GSM1553008_SRR1660707,1,2,0,0,0,0,0,0,1,1
63576_GSM1553009_SRR1660708,0,0,0,2,0,0,1,1,0,0
63576_GSM1553011_SRR1660710,1,4,0,3,0,0,0,1,3,0
63576_GSM1553012_SRR1660711,1,3,0,3,0,0,0,0,1,0
63576_GSM1553013_SRR1660712,0,4,0,3,0,0,1,2,1,1
63576_GSM1553014_SRR1660713,2,1,0,2,0,0,1,1,1,0
63576_GSM1553015_SRR1660714,0,4,0,1,0,0,0,2,1,1
63576_GSM1553016_SRR1660715,1,1,0,1,0,0,1,0,1,1
63576_GSM1553017_SRR1660716,2,0,0,2,0,0,0,2,0,1
63576_GSM1553018_SRR1660717,1,0,0,3,0,0,0,2,1,0
63576_GSM1553019_SRR1660718,1,2,0,3,0,0,0,2,1,0
63576_GSM1553020_SRR1660719,0,2,0,2,0,0,0,0,1,1
63576_GSM1553021_SRR1660720,0,1,0,2,0,0,0,1,2,0
63576_GSM1553022_SRR1660721,2,0,0,0,0,0,1,2,1,0
63576_GSM1553023_SRR1660722,0,0,0,2,0,0,1,1,3,0
63576_GSM1553024_SRR1660723,1,4,0,0,0,0,0,2,2,0
63576_GSM1553025_SRR1660724,0,2,0,2,0,0,1,2,1,1
63576_GSM1553026_SRR1660725,1,1,0,2,0,0,0,2,3,0
63576_GSM1553027_SRR1660726,0,1,0,1,0,0,0,2,1,0
63576_GSM1553028_SRR1660727,1,4,0,1,0,0,0,1,2,0
63576_GSM1553029_SRR1660728,1,1,0,2,0,0,0,1,1,0
63576_GSM1553030_SRR1660729,1,1,0,1,0,0,0,2,3,0
63576_GSM1553031_SRR1660730,0,1,0,2,0,0,0,2,1,1
63576_GSM1553032_SRR1660731,0,0,0,1,0,0,1,1,1,0
63576_GSM1553033_SRR1660732,0,0,0,3,0,0,0,2,1,1
63576_GSM1553034_SRR1660733,1,4,0,2,0,0,1,1,2,0
63576_GSM1553035_SRR1660734,1,0,0,0,0,0,0,2,2,0
63576_GSM1553036_SRR1660735,1,1,0,0,0,0,1,0,2,0
63576_GSM1553037_SRR1660736,1,0,0,0,1,0,0,2,3,0
63576_GSM1553038_SRR1660737,0,2,0,0,0,0,0,2,0,1
63576_GSM1553039_SRR1660738,2,0,0,3,0,0,0,0,2,1
63576_GSM1553040_SRR1660739,1,2,0,2,0,0,0,1,1,0
63576_GSM1553041_SRR1660740,1,4,0,1,0,0,1,2,3,1
63576_GSM1553042_SRR1660741,1,4,0,2,0,0,0,2,3,1
63576_GSM1553043_SRR1660742,1,0,0,3,0,0,1,1,1,0
63576_GSM1553044_SRR1660743,1,1,0,1,0,0,0,2,2,0
63576_GSM1553045_SRR1660744,0,3,0,0,0,0,0,0,1,0
63576_GSM1553046_SRR1660745,2,3,0,2,0,0,1,0,0,0
63576_GSM1553047_SRR1660746,1,2,0,2,0,0,0,1,1,0
63576_GSM1553048_SRR1660747,0,1,0,3,0,0,0,2,2,1
63576_GSM1553049_SRR1660748,0,0,0,0,0,0,1,2,3,1
63576_GSM1553050_SRR1660749,1,2,0,1,0,0,0,0,2,1
63576_GSM1553051_SRR1660750,1,4,0,0,0,0,1,1,3,0
63576_GSM1553052_SRR1660751,1,1,0,0,0,0,1,1,2,0
63576_GSM1553053_SRR1660752,1,0,0,1,0,0,0,1,1,0
63576_GSM1553054_SRR1660753,0,1,0,2,0,0,1,2,3,0
63576_GSM1553055_SRR1660754,2,2,0,2,0,0,0,2,0,0
63576_GSM1553056_SRR1660755,1,4,0,3,0,0,0,1,3,0
63576_GSM1553057_SRR1660756,1,0,0,2,0,0,0,2,3,0
63576_GSM1553058_SRR1660757,1,2,0,2,0,0,0,2,2,0
63576_GSM1553059_SRR1660758,2,1,0,3,0,0,0,0,3,1
63576_GSM1553060_SRR1660759,1,4,0,1,0,0,1,1,3,0
63576_GSM1553061_SRR1660760,1,4,0,2,0,0,0,2,1,0
63576_GSM1553062_SRR1660761,0,1,0,0,0,0,1,0,2,0
63576_GSM1553063_SRR1660762,1,3,0,3,0,0,0,0,1,0
63576_GSM1553064_SRR1660763,1,0,0,1,0,0,0,1,3,0
63576_GSM1553065_SRR1660764,1,4,0,1,0,0,0,1,1,0
63576_GSM1553066_SRR1660765,1,0,0,1,0,0,0,2,1,0
63576_GSM1553067_SRR1660766,1,0,0,3,0,0,1,2,1,0
63576_GSM1553068_SRR1660767,1,4,0,2,0,0,0,1,0,0
63576_GSM1553069_SRR1660768,1,0,0,1,0,0,0,2,2,1
63576_GSM1553070_SRR1660769,1,0,0,3,0,0,0,0,1,0
63576_GSM1553071_SRR1660770,1,4,0,2,0,0,0,0,1,0
63576_GSM1553072_SRR1660771,0,0,0,3,0,0,0,2,1,1
63576_GSM1553073_SRR1660772,1,1,0,0,0,0,0,1,2,0
63576_GSM1553074_SRR1660773,0,4,0,1,0,0,0,2,0,0
63576_GSM1553075_SRR1660774,1,1,0,1,0,0,0,1,3,0
63576_GSM1553076_SRR1660775,1,4,0,3,0,0,0,2,1,0
76483_GSM2099935_SRR3302360,0,0,0,1,0,0,0,2,1,0
76483_GSM2099936_SRR3302361,2,2,0,3,0,0,1,2,0,0
76483_GSM2099937_SRR3302362,0,2,0,0,0,0,0,2,1,0
76483_GSM2099938_SRR3302364,1,4,0,0,0,0,0,2,3,0
76483_GSM2099939_SRR3302365,0,0,0,2,0,0,1,2,1,1
76483_GSM2099940_SRR3302366,1,0,0,0,1,0,0,0,0,0
76483_GSM2099941_SRR3302367,0,4,0,3,0,0,1,2,1,1
76483_GSM2099942_SRR3302368,0,0,0,0,0,0,1,0,2,0
76483_GSM2099943_SRR3302369,1,3,0,1,0,0,0,2,1,1
76483_GSM2099944_SRR3302370,1,0,0,2,0,0,0,1,1,0
76483_GSM2099945_SRR3302371,1,4,0,1,0,0,0,2,3,1
76483_GSM2099946_SRR3302372,1,4,0,1,0,0,1,1,3,0
76483_GSM2099947_SRR3302373,0,3,0,3,0,0,0,0,0,1
76483_GSM2099948_SRR3302374,1,0,0,1,0,0,1,0,0,0
76483_GSM2099949_SRR3302375,0,0,0,1,0,0,1,1,1,0
76483_GSM2099950_SRR3302376,1,0,0,2,0,0,1,1,2,0
76483_GSM2099951_SRR3302377,0,0,0,1,0,0,0,2,1,0
76483_GSM2099952_SRR3302378,0,1,0,1,0,0,0,2,3,0
78521_GSM2072079_SRR3188786,0,4,0,3,0,0,0,2,1,0
78521_GSM2072079_SRR3188787,1,4,0,2,0,0,0,2,2,0
78521_GSM2072079_SRR3188788,1,2,0,3,0,0,0,0,1,0
78521_GSM2072079_SRR3188789,1,1,0,1,0,0,0,0,3,0
78521_GSM2072080_SRR3188790,1,1,0,3,0,0,0,0,1,0
78521_GSM2072080_SRR3188791,1,0,0,0,0,0,1,1,0,0
78521_GSM2072080_SRR3188792,1,4,0,1,0,0,1,0,3,1
78521_GSM2072080_SRR3188793,2,4,0,2,0,0,0,2,1,1
78521_GSM2072081_SRR3188794,0,0,0,1,0,0,0,1,3,0
78521_GSM2072081_SRR3188795,0,1,0,3,0,0,0,1,3,0
78521_GSM2072081_SRR3188796,0,2,0,3,0,0,0,0,1,1
78521_GSM2072081_SRR3188797,0,3,0,1,0,0,0,0,3,0
78521_GSM2072082_SRR3188798,1,0,0,1,0,0,0,1,0,0
78521_GSM2072082_SRR3188799,0,3,0,2,0,0,0,2,1,0
78521_GSM2072082_SRR3188800,0,4,0,1,0,0,0,2,2,0
78521_GSM2072082_SRR3188801,1,0,0,3,0,0,0,1,2,0
78521_GSM2072083_SRR3188802,1,4,0,0,0,0,0,2,1,0
78521_GSM2072083_SRR3188803,1,4,0,3,0,0,0,1,1,1
78521_GSM2072083_SRR3188804,1,4,0,1,0,0,0,0,2,1
78521_GSM2072083_SRR3188805,0,2,0,2,0,0,0,1,1,0
78521_GSM2072084_SRR3188806,1,0,0,1,0,0,1,1,1,0
78521_GSM2072084_SRR3188807,1,2,0,3,0,0,0,1,1,0
78521_GSM2072084_SRR3188808,2,3,0,0,0,0,0,2,0,1
78521_GSM2072084_SRR3188809,0,1,0,0,0,0,0,0,1,1
78521_GSM2072085_SRR3188810,0,1,0,0,0,0,0,0,1,0
78521_GSM2072085_SRR3188811,1,1,0,2,0,0,0,1,1,0
78521_GSM2072085_SRR3188812,1,2,0,3,0,0,0,2,2,0
78521_GSM2072085_SRR3188813,0,4,0,1,0,0,0,2,2,0
78521_GSM2072086_SRR3188814,1,1,0,1,0,0,0,1,3,0
78521_GSM2072086_SRR3188815,1,1,0,1,0,0,1,1,3,0
78521_GSM2072086_SRR3188816,1,1,0,1,0,0,1,0,0,1
78521_GSM2072086_SRR3188817,1,4,0,1,0,0,0,2,3,1
78521_GSM2072087_SRR3188818,0,0,0,2,0,0,0,1,3,0
78521_GSM2072087_SRR3188819,0,0,0,3,0,0,0,2,1,1
78521_GSM2072087_SRR3188820,2,2,0,3,0,0,0,1,3,0
78521_GSM2072087_SRR3188821,2,1,0,1,0,0,0,1,1,0
78521_GSM2072088_SRR3188822,1,4,0,0,0,0,1,1,1,0
78521_GSM2072088_SRR3188823,0,2,0,3,0,0,0,1,3,0
78521_GSM2072088_SRR3188824,0,1,0,0,0,0,0,1,1,0
78521_GSM2072088_SRR3188825,1,3,0,0,0,0,0,0,3,1
78521_GSM2072089_SRR3188826,1,4,0,2,0,0,0,1,1,0
78521_GSM2072089_SRR3188827,0,0,0,1,0,0,0,1,1,0
78521_GSM2072089_SRR3188828,0,2,0,3,0,0,0,1,3,0
78521_GSM2072089_SRR3188829,1,3,0,2,0,0,0,0,1,1
78521_GSM2072090_SRR3188830,0,0,0,0,0,0,0,2,0,0
78521_GSM2072090_SRR3188831,0,4,0,2,0,0,0,0,3,0
78521_GSM2072090_SRR3188832,0,4,0,1,0,0,0,0,3,0
78521_GSM2072090_SRR3188833,2,1,0,3,0,0,0,1,1,0
78521_GSM2072091_SRR3188834,1,4,0,0,0,0,1,1,0,0
78521_GSM2072091_SRR3188835,1,0,0,2,0,0,0,2,0,0
78521_GSM2072091_SRR3188836,0,3,0,3,0,0,1,0,3,0
78521_GSM2072091_SRR3188837,1,1,0,1,0,0,0,0,1,0
78521_GSM2072092_SRR3188838,1,4,0,2,0,0,0,1,0,0
78521_GSM2072092_SRR3188839,1,2,0,0,0,0,0,2,1,0
78521_GSM2072092_SRR3188840,0,0,0,3,0,0,1,0,2,0
78521_GSM2072092_SRR3188841,0,4,0,3,0,0,0,1,0,0
78521_GSM2072093_SRR3188842,0,4,0,0,0,0,0,1,1,0
78521_GSM2072093_SRR3188843,1,2,0,3,0,0,0,2,3,0
78521_GSM2072093_SRR3188844,1,1,0,1,0,0,1,2,1,1
78521_GSM2072093_SRR3188845,0,1,0,3,0,0,0,1,2,0
78521_GSM2072094_SRR3188846,1,4,0,2,0,0,1,0,2,0
78521_GSM2072094_SRR3188847,1,0,0,1,0,0,0,1,1,0
78521_GSM2072094_SRR3188848,1,3,0,2,0,0,0,2,3,0
78521_GSM2072094_SRR3188849,0,1,0,2,0,0,1,0,3,1
78521_GSM2072095_SRR3188850,1,1,0,1,0,0,0,1,1,0
78521_GSM2072095_SRR3188851,0,4,0,0,0,0,0,1,1,0
78521_GSM2072095_SRR3188852,0,4,0,1,0,0,0,1,2,0
78521_GSM2072095_SRR3188853,0,0,0,0,0,0,0,0,3,0
78521_GSM2072096_SRR3188854,2,1,0,1,0,0,0,2,1,0
78521_GSM2072096_SRR3188855,1,4,0,1,0,0,0,2,1,0
78521_GSM2072096_SRR3188856,0,2,0,1,0,0,0,1,1,0
78521_GSM2072096_SRR3188857,2,4,0,1,0,0,0,1,3,0
78521_GSM2072097_SRR3188858,1,4,0,2,0,0,0,1,2,0
78521_GSM2072097_SRR3188859,0,2,0,1,0,0,0,2,1,1
78521_GSM2072097_SRR3188860,0,2,0,0,0,0,0,2,0,0
78521_GSM2072097_SRR3188861,1,2,0,1,0,0,0,0,1,0
78521_GSM2072098_SRR3188862,0,1,0,2,0,0,0,2,3,1
78521_GSM2072098_SRR3188863,1,0,0,2,0,0,0,1,2,0
78521_GSM2072098_SRR3188864,1,4,0,1,0,0,1,2,3,0
78521_GSM2072098_SRR3188865,1,1,0,1,0,0,0,0,2,1
78521_GSM2072099_SRR3188866,1,4,0,3,0,0,0,2,1,0
78521_GSM2072099_SRR3188867,2,3,0,1,0,0,1,0,1,0
78521_GSM2072099_SRR3188868,0,2,0,2,0,0,0,2,0,1
78521_GSM2072099_SRR3188869,1,4,0,2,0,0,0,2,1,0
78521_GSM2072100_SRR3188870,1,2,0,2,0,0,1,0,3,0
78521_GSM2072100_SRR3188871,1,1,0,3,0,0,0,0,1,0
78521_GSM2072100_SRR3188872,1,2,0,3,0,0,0,2,3,0
78521_GSM2072100_SRR3188873,0,4,0,2,0,0,0,2,1,1
78521_GSM2072101_SRR3188874,1,1,0,2,0,0,1,2,1,0
78521_GSM2072101_SRR3188875,1,2,0,2,0,0,0,1,2,0
78521_GSM2072101_SRR3188876,1,0,0,3,0,0,0,1,3,0
78521_GSM2072101_SRR3188877,1,4,0,1,0,0,0,2,2,1
78521_GSM2072102_SRR3188878,1,4,0,3,0,0,0,1,3,0
78521_GSM2072102_SRR3188879,1,2,0,3,0,0,0,0,3,0
78521_GSM2072102_SRR3188880,0,1,0,1,0,0,0,1,1,0
78521_GSM2072102_SRR3188881,1,4,0,1,0,0,1,1,1,0
78521_GSM2072103_SRR3188882,1,3,0,0,0,0,1,2,1,0
78521_GSM2072103_SRR3188883,1,2,0,1,0,0,0,2,1,1
78521_GSM2072103_SRR3188884,1,2,0,2,0,0,1,1,3,0
78521_GSM2072103_SRR3188885,0,0,0,2,0,0,0,0,1,0
78521_GSM2072104_SRR3188886,0,1,0,2,0,0,1,2,2,1
78521_GSM2072104_SRR3188887,0,0,0,1,0,0,0,0,2,0
78521_GSM2072104_SRR3188888,0,0,0,2,0,0,0,1,0,0
78521_GSM2072104_SRR3188889,1,4,0,1,0,0,1,2,2,0
78521_GSM2072105_SRR3188890,1,4,0,2,0,0,0,2,1,0
78521_GSM2072105_SRR3188891,1,0,0,0,0,0,0,0,1,1
78521_GSM2072105_SRR3188892,1,1,0,2,0,0,0,0,0,0
78521_GSM2072105_SRR3188893,0,3,0,1,0,0,1,1,1,0
78521_GSM2072106_SRR3188894,0,4,0,2,0,0,0,2,1,1
78521_GSM2072106_SRR3188895,2,1,0,2,0,0,1,0,2,0
78521_GSM2072106_SRR3188896,0,2,0,3,0,0,0,2,3,0
78521_GSM2072106_SRR3188897,2,1,0,3,0,0,0,1,1,0
78521_GSM2072107_SRR3188898,1,1,0,0,0,0,0,2,0,0
78521_GSM2072107_SRR3188899,2,1,0,0,0,0,1,2,1,0
78521_GSM2072107_SRR3188900,0,2,0,3,0,0,1,2,0,0
78521_GSM2072107_SRR3188901,2,2,0,2,0,0,1,0,1,0
78521_GSM2072108_SRR3188902,1,1,0,3,0,0,1,1,1,0
78521_GSM2072108_SRR3188903,1,1,0,1,0,0,1,2,3,0
78521_GSM2072108_SRR3188904,1,4,0,1,0,0,1,1,1,0
78521_GSM2072108_SRR3188905,2,1,0,1,0,0,0,2,0,1
78521_GSM2072109_SRR3188906,2,2,0,2,0,0,0,1,1,0
78521_GSM2072109_SRR3188907,2,4,0,2,0,0,1,2,0,0
78521_GSM2072109_SRR3188908,1,1,0,2,0,0,0,2,1,0
78521_GSM2072109_SRR3188909,0,4,0,0,0,0,0,1,3,0
78521_GSM2072110_SRR3188910,1,4,0,3,0,0,0,2,3,0
78521_GSM2072110_SRR3188911,0,1,0,0,0,0,1,2,3,0
78521_GSM2072110_SRR3188912,0,2,0,0,0,0,0,1,2,0
78521_GSM2072110_SRR3188913,2,1,0,3,0,0,0,0,1,1
78521_GSM2072111_SRR3188914,0,4,0,3,0,0,0,2,0,0
78521_GSM2072111_SRR3188915,1,2,0,2,0,0,1,0,3,1
78521_GSM2072111_SRR3188916,0,4,0,0,1,0,0,2,2,0
78521_GSM2072111_SRR3188917,0,1,0,3,0,0,0,2,1,1
78521_GSM2072112_SRR3188918,1,3,0,0,0,0,0,0,2,1
78521_GSM2072112_SRR3188919,2,4,0,3,0,0,1,1,1,0
78521_GSM2072112_SRR3188920,2,0,0,0,0,0,1,2,0,1
78521_GSM2072112_SRR3188921,2,4,0,0,0,0,0,1,1,0
78521_GSM2072113_SRR3188922,1,4,0,0,0,0,1,2,1,1
78521_GSM2072113_SRR3188923,1,3,0,0,0,0,0,2,3,1
78521_GSM2072113_SRR3188924,1,0,0,3,0,0,0,2,1,0
78521_GSM2072113_SRR3188925,1,1,0,2,0,0,1,1,1,0
78521_GSM2072114_SRR3188926,1,4,0,0,0,0,0,1,1,0
78521_GSM2072114_SRR3188927,1,0,0,1,0,0,0,2,1,0
78521_GSM2072114_SRR3188928,0,4,0,0,0,0,1,0,2,1
78521_GSM2072114_SRR3188929,1,0,0,1,0,0,0,2,1,1
78521_GSM2072116_SRR3188934,1,1,0,2,0,0,0,1,3,0
78521_GSM2072116_SRR3188935,2,0,0,1,0,0,0,2,2,0
78521_GSM2072116_SRR3188936,1,1,0,3,0,0,0,1,1,0
78521_GSM2072116_SRR3188937,1,4,0,3,0,0,1,2,2,0
78521_GSM2072117_SRR3188938,1,4,0,3,0,0,0,0,1,0
78521_GSM2072117_SRR3188939,0,4,0,1,0,0,0,2,1,0
78521_GSM2072117_SRR3188940,0,0,0,3,0,0,1,0,3,0
78521_GSM2072117_SRR3188941,0,1,0,3,0,0,0,1,1,0
78521_GSM2072120_SRR3188950,0,3,0,0,0,0,0,0,2,0
78521_GSM2072120_SRR3188951,1,2,0,2,0,0,1,1,1,0
78521_GSM2072120_SRR3188952,1,3,0,0,0,0,0,2,2,0
78521_GSM2072120_SRR3188953,1,0,0,2,0,0,1,0,3,0
78521_GSM2072121_SRR3188954,2,1,0,3,0,0,0,1,2,0
78521_GSM2072121_SRR3188955,2,2,0,3,0,0,0,0,3,1
78521_GSM2072121_SRR3188956,0,0,0,2,0,0,0,2,0,1
78521_GSM2072121_SRR3188957,0,0,0,2,0,0,0,2,1,0
78521_GSM2072122_SRR3188958,1,0,0,1,0,0,0,1,1,0
78521_GSM2072122_SRR3188959,0,2,0,1,1,0,0,1,1,0
78521_GSM2072122_SRR3188960,2,1,0,3,0,0,1,1,1,0
78521_GSM2072122_SRR3188961,1,2,0,3,0,0,1,1,1,0
78521_GSM2072123_SRR3188962,0,1,0,1,0,0,0,0,1,0
78521_GSM2072123_SRR3188963,0,2,0,1,0,0,0,2,0,0
78521_GSM2072123_SRR3188964,0,4,0,1,0,0,0,2,3,0
78521_GSM2072123_SRR3188965,1,3,0,2,0,0,0,0,1,0
78521_GSM2072124_SRR3188966,2,1,0,2,0,0,1,1,3,0
78521_GSM2072124_SRR3188967,1,3,0,3,1,0,0,0,3,0
78521_GSM2072124_SRR3188968,0,0,0,1,0,0,1,2,3,0
78521_GSM2072124_SRR3188969,0,4,0,0,0,0,0,1,1,0
78521_GSM2072125_SRR3188970,0,4,0,2,0,0,0,2,1,0
78521_GSM2072125_SRR3188971,0,3,0,2,0,0,0,2,0,0
78521_GSM2072125_SRR3188972,1,0,0,2,0,0,0,2,3,0
78521_GSM2072125_SRR3188973,1,1,0,3,0,0,1,2,2,0
78521_GSM2072126_SRR3188974,0,1,0,2,0,0,0,0,0,1
78521_GSM2072126_SRR3188975,1,2,0,2,0,0,1,0,2,0
78521_GSM2072126_SRR3188976,1,0,0,2,0,0,1,2,1,0
78521_GSM2072126_SRR3188977,0,4,0,2,0,0,0,1,1,0
78521_GSM2072127_SRR3188978,1,1,0,0,0,0,0,0,3,1
78521_GSM2072127_SRR3188979,1,0,0,2,0,0,1,2,3,0
78521_GSM2072127_SRR3188980,0,0,0,2,0,0,0,0,3,0
78521_GSM2072127_SRR3188981,1,1,0,1,0,0,1,1,2,0
78521_GSM2072128_SRR3188982,0,2,0,3,0,0,0,1,3,0
78521_GSM2072128_SRR3188983,1,0,0,3,0,0,0,2,2,0
78521_GSM2072128_SRR3188984,0,1,0,0,0,0,1,1,3,0
78521_GSM2072128_SRR3188985,1,3,0,1,0,0,0,2,1,1
78521_GSM2072129_SRR3188986,1,4,0,1,0,0,0,2,2,0
78521_GSM2072129_SRR3188987,0,2,0,3,0,0,0,0,1,1
78521_GSM2072129_SRR3188988,1,1,0,1,0,0,0,0,1,1
78521_GSM2072129_SRR3188989,1,2,0,3,0,0,1,0,3,0
78521_GSM2072130_SRR3188990,1,0,0,2,0,0,0,2,2,0
78521_GSM2072130_SRR3188991,1,4,0,1,0,0,0,2,3,1
78521_GSM2072130_SRR3188992,0,2,0,3,0,0,0,2,3,0
78521_GSM2072130_SRR3188993,1,4,0,2,0,0,1,1,1,0
78521_GSM2072131_SRR3188994,1,0,0,1,0,0,1,2,1,0
78521_GSM2072131_SRR3188995,0,1,0,0,0,0,0,0,3,0
78521_GSM2072131_SRR3188996,2,2,0,0,0,0,0,0,3,1
78521_GSM2072131_SRR3188997,1,0,0,1,0,0,1,2,3,0
78521_GSM2072132_SRR3188998,0,3,0,0,0,0,0,0,3,1
78521_GSM2072132_SRR3188999,1,3,0,1,0,0,1,2,1,1
78521_GSM2072132_SRR3189000,1,3,0,1,0,0,0,2,1,1
78521_GSM2072132_SRR3189001,1,1,0,0,0,0,1,1,2,0
78521_GSM2072134_SRR3189006,2,4,0,3,0,0,0,2,1,0
78521_GSM2072134_SRR3189007,0,4,0,1,0,0,1,2,1,0
78521_GSM2072134_SRR3189008,1,0,0,2,0,0,1,0,2,0
78521_GSM2072134_SRR3189009,1,4,0,3,0,0,0,2,1,0
78521_GSM2072136_SRR3189014,0,4,0,2,0,0,0,2,3,0
78521_GSM2072136_SRR3189015,1,1,0,3,0,0,1,1,2,0
78521_GSM2072136_SRR3189016,1,4,0,3,0,0,0,2,1,0
78521_GSM2072136_SRR3189017,0,4,0,2,0,0,0,0,1,0
78521_GSM2072137_SRR3189018,1,3,0,1,0,0,0,0,0,1
78521_GSM2072137_SRR3189019,0,2,0,2,0,0,1,1,1,0
78521_GSM2072137_SRR3189020,0,1,0,3,0,0,1,1,3,0
78521_GSM2072137_SRR3189021,1,2,0,1,0,0,1,2,3,0
78521_GSM2072138_SRR3189022,0,4,0,1,0,0,0,2,0,1
78521_GSM2072138_SRR3189023,1,0,0,1,0,0,1,2,3,0
78521_GSM2072138_SRR3189024,0,2,0,1,0,0,0,1,1,0
78521_GSM2072138_SRR3189025,2,0,0,3,0,0,0,1,3,0
78521_GSM2072140_SRR3189030,1,4,0,2,0,0,0,1,1,0
78521_GSM2072140_SRR3189031,0,2,0,0,0,0,0,1,1,0
78521_GSM2072140_SRR3189032,0,0,0,2,0,0,0,1,1,0
78521_GSM2072140_SRR3189033,0,3,0,2,0,0,0,2,1,0
78521_GSM2072142_SRR3189038,1,4,0,1,0,0,1,1,3,0
78521_GSM2072142_SRR3189039,1,0,0,1,0,0,0,2,1,0
78521_GSM2072142_SRR3189040,1,4,0,1,0,0,0,2,1,1
78521_GSM2072142_SRR3189041,1,3,0,1,0,0,0,0,3,1
78521_GSM2072143_SRR3189042,1,0,0,2,0,0,1,1,3,0
78521_GSM2072143_SRR3189043,2,4,0,1,0,0,0,1,3,0
78521_GSM2072143_SRR3189044,2,3,0,1,0,0,0,0,3,1
78521_GSM2072143_SRR3189045,2,4,0,3,0,0,0,2,3,0
78521_GSM2072144_SRR3189046,0,2,0,3,0,0,0,1,2,0
78521_GSM2072144_SRR3189047,0,1,0,0,0,0,1,0,0,0
78521_GSM2072144_SRR3189048,1,4,0,1,0,0,1,2,2,1
78521_GSM2072144_SRR3189049,0,2,0,2,0,0,0,0,2,0
78521_GSM2072145_SRR3189050,0,1,0,3,0,0,1,2,1,0
78521_GSM2072145_SRR3189051,1,3,0,2,1,0,0,2,1,1
78521_GSM2072145_SRR3189052,1,4,0,2,0,0,0,2,3,0
78521_GSM2072145_SRR3189053,0,3,0,3,1,0,0,0,3,1
78521_GSM2072146_SRR3189054,1,4,0,2,0,0,0,1,1,0
78521_GSM2072146_SRR3189055,1,2,0,1,0,0,0,2,1,0
78521_GSM2072146_SRR3189056,1,0,0,2,0,0,0,2,0,0
78521_GSM2072146_SRR3189057,1,0,0,0,0,0,1,2,3,0
78521_GSM2072147_SRR3189058,1,0,0,1,0,0,0,1,0,0
78521_GSM2072147_SRR3189059,1,0,0,2,0,0,0,2,1,0
78521_GSM2072147_SRR3189060,1,1,0,2,0,0,0,2,1,0
78521_GSM2072147_SRR3189061,1,0,0,2,0,0,0,1,2,0
78521_GSM2072148_SRR3189062,0,2,0,3,0,0,0,0,2,0
78521_GSM2072148_SRR3189063,1,4,0,3,0,0,0,2,1,0
78521_GSM2072148_SRR3189064,1,0,0,1,0,0,0,0,3,0
78521_GSM2072148_SRR3189065,1,0,0,2,0,0,0,1,3,0
78521_GSM2072149_SRR3189066,1,3,0,3,0,0,0,2,3,0
78521_GSM2072149_SRR3189067,1,2,0,1,0,0,1,1,3,0
78521_GSM2072149_SRR3189068,0,4,0,2,0,0,1,2,3,1
78521_GSM2072149_SRR3189069,0,4,0,3,0,0,0,2,0,0
78521_GSM2072151_SRR3189074,1,1,0,2,0,0,0,0,2,0
78521_GSM2072151_SRR3189075,1,4,0,0,0,0,0,2,0,0
78521_GSM2072151_SRR3189076,0,3,0,2,0,0,0,0,0,1
78521_GSM2072151_SRR3189077,1,0,0,3,0,0,0,1,3,0
78521_GSM2072152_SRR3189078,1,4,0,0,0,0,0,1,1,0
78521_GSM2072152_SRR3189079,2,3,0,3,0,0,1,0,1,1
78521_GSM2072152_SRR3189080,1,1,0,1,0,0,0,0,1,1
78521_GSM2072152_SRR3189081,0,0,0,0,0,0,0,2,0,0
78521_GSM2072153_SRR3189082,2,4,0,1,0,0,0,2,1,0
78521_GSM2072153_SRR3189083,1,2,0,1,0,0,0,0,3,0
78521_GSM2072153_SRR3189084,0,1,0,1,0,0,0,2,0,0
78521_GSM2072153_SRR3189085,0,4,0,1,0,0,1,1,2,0
78521_GSM2072154_SRR3189086,1,0,0,1,0,0,0,0,1,1
78521_GSM2072154_SRR3189087,1,4,0,3,0,0,1,1,2,0
78521_GSM2072154_SRR3189088,1,4,0,1,0,0,0,1,3,0
78521_GSM2072154_SRR3189089,1,0,0,2,0,0,0,1,3,0
78521_GSM2072155_SRR3189090,0,2,0,3,0,0,1,2,1,1
78521_GSM2072155_SRR3189091,1,3,0,2,0,0,0,0,3,0
78521_GSM2072155_SRR3189092,0,0,0,1,0,0,0,2,1,0
78521_GSM2072155_SRR3189093,1,4,0,1,0,0,0,1,1,0
78521_GSM2072156_SRR3189094,1,1,0,2,0,0,1,1,3,0
78521_GSM2072156_SRR3189095,0,1,0,0,1,0,1,2,1,1
78521_GSM2072156_SRR3189096,1,4,0,3,0,0,0,2,1,0
78521_GSM2072156_SRR3189097,2,2,0,2,0,0,0,2,3,1
78521_GSM2072157_SRR3189098,0,4,0,0,0,0,0,2,1,0
78521_GSM2072157_SRR3189099,1,4,0,3,0,0,0,2,3,0
78521_GSM2072157_SRR3189100,0,4,0,2,0,0,0,1,2,0
78521_GSM2072157_SRR3189101,0,2,0,1,0,0,0,1,1,0
78521_GSM2072158_SRR3189102,1,0,0,2,0,0,1,1,1,0
78521_GSM2072158_SRR3189103,0,0,0,3,0,0,0,2,1,1
78521_GSM2072158_SRR3189104,1,2,0,0,0,0,0,0,1,0
78521_GSM2072158_SRR3189105,1,2,0,3,0,0,0,1,2,0
79108_GSM2085880_SRR3222299,0,1,0,2,0,0,0,1,1,0
79108_GSM2085881_SRR3222300,2,1,0,3,0,0,0,2,3,1
79108_GSM2085882_SRR3222301,0,0,0,1,0,0,0,1,3,0
79108_GSM2085883_SRR3222302,1,1,0,1,0,0,0,1,1,0
79108_GSM2085884_SRR3222303,1,4,0,3,0,0,0,2,1,0
79108_GSM2085885_SRR3222304,1,2,0,3,0,0,1,1,1,0
79108_GSM2085886_SRR3222305,0,1,0,1,0,0,0,1,1,0
79108_GSM2085887_SRR3222306,0,0,0,0,0,0,0,2,3,0
79108_GSM2085888_SRR3222307,0,3,0,2,0,0,0,2,3,1
79108_GSM2085889_SRR3222308,1,1,0,1,0,0,1,1,3,0
79108_GSM2085890_SRR3222309,1,3,0,3,0,0,0,0,3,0
79108_GSM2085891_SRR3222310,1,2,0,2,0,0,0,1,3,0
79108_GSM2085892_SRR3222311,1,2,0,1,0,0,0,0,1,0
79108_GSM2085893_SRR3222312,1,0,0,0,0,0,1,1,1,0
79108_GSM2085894_SRR3222313,0,0,0,2,0,0,0,2,1,0
79108_GSM2085895_SRR3222314,1,3,0,0,0,0,1,2,3,0
79108_GSM2085896_SRR3222315,1,2,0,3,1,0,0,1,3,0
79108_GSM2085897_SRR3222316,1,4,0,2,0,0,1,2,1,0
79108_GSM2085898_SRR3222317,1,0,0,1,0,0,0,2,1,1
79108_GSM2085899_SRR3222318,1,1,0,0,0,0,0,1,2,0
79108_GSM2085900_SRR3222319,0,0,0,2,0,0,0,0,1,0
79108_GSM2085901_SRR3222320,0,1,0,1,0,0,1,1,1,0
79108_GSM2085902_SRR3222321,1,1,0,0,0,0,1,1,2,0
79108_GSM2085904_SRR3222323,2,4,0,2,0,0,0,1,1,0
79108_GSM2085905_SRR3222324,0,0,0,3,0,0,0,2,0,1
79108_GSM2085906_SRR3222325,1,0,0,1,0,0,1,2,2,0
79108_GSM2085907_SRR3222326,1,0,0,0,0,0,1,1,1,1
79108_GSM2085908_SRR3222327,0,4,0,2,0,0,0,2,1,0
79108_GSM2085909_SRR3222328,1,3,0,0,0,0,1,0,3,0
79108_GSM2085910_SRR3222329,0,3,0,2,0,0,1,0,1,1
79108_GSM2085911_SRR3222330,1,2,0,1,0,0,1,2,3,1
79108_GSM2085912_SRR3222331,0,3,0,3,1,0,0,0,0,1
79108_GSM2085913_SRR3222332,0,3,0,0,0,0,1,0,1,1
79108_GSM2085914_SRR3222333,0,0,0,2,0,0,1,1,1,0
79108_GSM2085915_SRR3222334,0,2,0,1,0,0,0,1,2,0
79108_GSM2085916_SRR3222335,1,4,0,1,0,0,0,1,1,1
79108_GSM2085917_SRR3222336,1,1,0,2,0,0,0,2,3,1
79108_GSM2085918_SRR3222337,2,2,0,3,0,0,0,2,1,0
79108_GSM2085919_SRR3222338,0,3,0,1,0,0,0,1,2,1
79108_GSM2085920_SRR3222339,0,2,0,2,0,0,1,2,1,1
79108_GSM2085921_SRR3222340,1,1,0,3,0,0,1,1,0,0
79108_GSM2085922_SRR3222341,1,0,0,0,0,0,0,2,1,0
79108_GSM2085923_SRR3222342,2,4,0,3,0,0,1,1,1,0
79108_GSM2085924_SRR3222343,1,2,0,2,0,0,0,0,3,0
79108_GSM2085925_SRR3222344,1,2,0,1,0,0,0,0,3,1
79108_GSM2085926_SRR3222345,2,0,0,2,0,0,1,2,3,0
79108_GSM2085927_SRR3222346,1,1,0,0,0,0,0,1,1,1
79108_GSM2085928_SRR3222347,2,3,0,3,0,0,0,0,1,1
79108_GSM2085929_SRR3222348,1,4,0,0,0,0,1,2,3,0
79108_GSM2085930_SRR3222349,1,1,0,0,0,0,0,1,2,0
79108_GSM2085931_SRR3222350,1,4,0,1,0,0,0,2,1,0
79108_GSM2085932_SRR3222351,1,1,0,2,0,0,0,1,1,0
79108_GSM2085933_SRR3222352,1,4,0,1,0,0,0,1,2,0
79108_GSM2085934_SRR3222353,1,0,0,3,0,0,1,2,3,1
79108_GSM2085935_SRR3222354,1,1,0,2,0,0,1,1,0,0
79108_GSM2085936_SRR3222355,0,4,0,3,0,0,0,1,1,0
79108_GSM2085937_SRR3222356,1,0,0,0,0,0,0,2,1,1
79108_GSM2085938_SRR3222357,1,0,0,1,0,0,0,2,3,0
79108_GSM2085939_SRR3222358,1,4,0,0,0,0,0,2,1,0
79108_GSM2085940_SRR3222359,1,1,0,2,0,0,1,1,3,0
79108_GSM2085941_SRR3222360,2,2,0,1,0,0,0,1,0,0
79108_GSM2085942_SRR3222361,2,2,0,3,0,0,1,2,3,0
79108_GSM2085943_SRR3222362,2,4,0,3,0,0,1,1,1,0
79108_GSM2085944_SRR3222363,1,4,0,2,0,0,0,1,0,0
79108_GSM2085945_SRR3222364,0,4,0,0,0,0,0,2,3,0
79108_GSM2085946_SRR3222365,1,0,0,0,0,0,0,0,1,0
79108_GSM2085947_SRR3222366,1,4,0,2,0,0,0,2,0,0
79108_GSM2085948_SRR3222367,1,2,0,1,0,0,0,2,2,1
79108_GSM2085949_SRR3222368,1,2,0,1,0,0,1,2,2,0
79108_GSM2085950_SRR3222369,0,0,0,1,0,0,0,2,2,1
79108_GSM2085951_SRR3222370,1,1,0,0,0,0,0,1,0,0
79108_GSM2085952_SRR3222371,1,1,0,2,0,0,1,1,2,0
79108_GSM2085953_SRR3222372,2,4,0,3,0,0,1,1,3,0
79108_GSM2085954_SRR3222373,0,4,0,0,0,0,0,2,1,0
79108_GSM2085955_SRR3222374,0,4,0,1,0,0,0,2,3,0
79108_GSM2085956_SRR3222375,0,1,0,2,0,0,0,1,2,0
79108_GSM2085957_SRR3222376,1,4,0,3,0,0,0,2,0,0
79108_GSM2085958_SRR3222377,1,2,0,0,0,0,1,1,1,0
79108_GSM2085959_SRR3222378,1,2,0,2,0,0,0,0,3,0
79108_GSM2085960_SRR3222379,1,0,0,1,0,0,0,0,1,0
79108_GSM2085961_SRR3222380,1,1,0,1,0,0,0,2,1,1
79108_GSM2085962_SRR3222381,1,1,0,2,0,0,0,2,3,0
79108_GSM2085963_SRR3222382,2,1,0,1,0,0,0,2,3,0
79374_GSM2093559_SRR3236196,0,0,0,1,0,0,0,2,3,0
79374_GSM2093560_SRR3236197,0,4,0,1,0,0,0,1,3,0
79374_GSM2093561_SRR3236198,1,2,0,1,0,0,0,2,1,1
79374_GSM2093562_SRR3236199,0,2,0,3,0,0,0,0,2,1
79374_GSM2093563_SRR3236200,0,2,0,1,0,0,0,0,0,1
79374_GSM2093564_SRR3236201,0,0,0,1,0,0,1,2,0,1
79374_GSM2093565_SRR3236202,1,1,0,1,0,0,0,0,1,0
79374_GSM2093566_SRR3236203,0,0,0,2,0,0,0,1,1,0
79374_GSM2093567_SRR3236204,2,1,0,0,0,0,0,1,1,0
79374_GSM2093568_SRR3236205,1,0,0,0,0,0,1,2,2,1
79374_GSM2093569_SRR3236206,1,3,0,2,0,0,0,2,2,0
79374_GSM2093570_SRR3236207,1,3,0,2,0,0,0,0,1,0
79374_GSM2093571_SRR3236208,1,0,0,3,0,0,0,1,3,0
79374_GSM2093572_SRR3236209,1,0,0,2,0,0,0,2,2,0
79374_GSM2093574_SRR3236211,1,0,0,2,0,0,1,2,3,0
79374_GSM2093575_SRR3236212,0,1,0,0,0,0,1,1,1,0
79374_GSM2093576_SRR3236213,0,3,0,1,0,0,0,2,0,0
79374_GSM2093577_SRR3236214,1,4,0,1,0,0,1,2,3,0
79374_GSM2093578_SRR3236215,0,4,0,0,0,0,1,0,3,0
79374_GSM2093579_SRR3236216,1,0,0,1,0,0,0,0,1,1
79374_GSM2093580_SRR3236217,0,4,0,1,0,0,0,1,3,0
79374_GSM2093581_SRR3236218,1,2,0,3,0,0,1,0,3,1
79374_GSM2093582_SRR3236219,1,3,0,0,0,0,1,0,1,1
79374_GSM2093583_SRR3236220,2,4,0,3,0,0,0,2,1,0
79374_GSM2093584_SRR3236221,0,3,0,2,0,0,0,2,0,0
79374_GSM2093585_SRR3236222,1,0,0,3,0,0,1,2,1,0
79374_GSM2093586_SRR3236223,0,1,0,0,0,0,0,2,1,0
79374_GSM2093587_SRR3236224,1,0,0,0,0,0,1,2,3,0
79374_GSM2093588_SRR3236225,2,0,0,3,0,0,0,2,1,0
79374_GSM2093589_SRR3236226,1,2,0,2,0,0,0,1,1,0
79374_GSM2093590_SRR3236227,1,4,0,2,0,0,1,2,1,1
79374_GSM2093591_SRR3236228,1,4,0,0,0,0,0,1,1,0
79374_GSM2093592_SRR3236229,2,2,0,1,0,0,1,2,1,0
79374_GSM2093593_SRR3236230,1,0,0,2,0,0,0,0,1,0
79374_GSM2093594_SRR3236231,0,0,0,3,0,0,0,1,1,0
79374_GSM2093595_SRR3236232,1,2,0,2,0,0,0,2,3,0
79374_GSM2093597_SRR3236234,1,4,0,2,0,0,1,1,0,0
79374_GSM2093599_SRR3236236,2,1,0,3,0,0,0,0,0,1
79374_GSM2093600_SRR3236237,2,0,0,0,0,0,0,2,1,0
79374_GSM2093601_SRR3236238,1,1,0,3,0,0,0,1,2,0
79374_GSM2093602_SRR3236239,0,0,0,3,1,0,0,2,3,0
79374_GSM2093603_SRR3236240,2,0,0,3,0,0,1,0,1,0
79374_GSM2093604_SRR3236241,0,4,0,3,0,0,0,1,1,0
79374_GSM2093605_SRR3236242,0,3,0,0,1,0,0,0,1,0
79374_GSM2093607_SRR3236244,1,1,0,3,0,0,0,1,2,0
79374_GSM2093608_SRR3236245,1,3,0,2,0,0,0,2,3,0
79374_GSM2093609_SRR3236246,0,4,0,2,0,0,0,2,1,0
79374_GSM2093610_SRR3236247,0,1,0,2,0,0,0,0,1,0
79374_GSM2093611_SRR3236248,1,3,0,2,0,0,0,1,0,0
79374_GSM2093612_SRR3236249,1,4,0,2,0,0,1,0,1,1
79374_GSM2093613_SRR3236250,1,0,0,1,0,0,0,0,2,1
79374_GSM2093614_SRR3236251,2,3,0,1,0,0,0,2,3,1
79374_GSM2093615_SRR3236252,2,1,0,0,1,0,0,2,1,0
79374_GSM2093618_SRR3236255,1,3,0,0,0,0,0,0,1,1
79374_GSM2093619_SRR3236256,0,2,0,0,0,0,0,2,2,1
79374_GSM2093620_SRR3236257,1,4,0,2,0,0,0,2,3,0
79374_GSM2093621_SRR3236258,0,3,0,1,0,0,0,2,1,0
79374_GSM2093622_SRR3236259,0,4,0,3,0,0,0,1,2,0
79374_GSM2093623_SRR3236260,0,1,0,2,0,0,0,2,3,0
79374_GSM2093624_SRR3236261,1,4,0,0,0,0,0,2,2,1
79374_GSM2093625_SRR3236262,2,4,0,3,0,0,0,2,1,0
79374_GSM2093626_SRR3236263,1,0,0,0,0,0,0,2,3,1
79374_GSM2093627_SRR3236264,1,1,0,3,0,0,0,1,1,0
79374_GSM2093628_SRR3236265,1,1,0,0,0,0,1,2,3,0
79374_GSM2093629_SRR3236266,0,3,0,0,0,0,1,2,2,0
79374_GSM2093632_SRR3236269,1,0,0,3,0,0,0,2,1,0
79374_GSM2093656_SRR3236293,1,3,0,1,0,0,1,2,3,1
79374_GSM2093672_SRR3236309,1,4,0,3,0,0,0,1,0,0
79374_GSM2093674_SRR3236311,1,1,0,0,0,0,0,2,2,0
79374_GSM2093675_SRR3236312,0,3,0,0,0,0,0,0,2,1
92707_GSM2435599_SRR5123652,2,1,0,3,0,0,0,1,1,0
92707_GSM2435600_SRR5123653,2,0,0,2,0,0,0,0,2,1
92707_GSM2435601_SRR5123654,0,4,0,0,0,0,1,1,1,0
92707_GSM2435602_SRR5123655,1,2,0,3,0,0,0,1,1,0
92707_GSM2435603_SRR5123656,1,0,0,0,0,0,1,1,0,0
92707_GSM2435604_SRR5123657,1,3,0,1,0,0,1,0,1,1
92707_GSM2435605_SRR5123658,1,2,0,1,0,0,0,2,2,1
92707_GSM2435606_SRR5123659,1,2,0,1,0,0,0,2,1,0
92707_GSM2435607_SRR5123660,1,0,0,1,0,0,0,0,1,0
92707_GSM2435608_SRR5123661,0,1,0,2,0,0,0,0,1,1
92707_GSM2435609_SRR5123662,1,1,0,0,0,0,0,0,1,1
92707_GSM2435610_SRR5123663,0,0,0,1,0,0,0,1,3,0
92707_GSM2435611_SRR5123664,0,3,0,3,0,0,0,0,1,0
92707_GSM2435612_SRR5123665,1,4,0,1,0,0,0,2,2,1
92707_GSM2435613_SRR5123666,1,0,0,1,0,0,1,0,1,1
92707_GSM2435614_SRR5123667,0,1,0,2,0,0,1,1,1,0
92707_GSM2435615_SRR5123668,0,0,0,1,0,0,0,1,0,0
92707_GSM2435616_SRR5123669,0,0,0,1,0,0,0,1,0,0
92707_GSM2435617_SRR5123670,1,4,0,1,0,0,0,2,2,1
92707_GSM2435618_SRR5123671,0,1,0,0,0,0,0,2,3,0
92707_GSM2435619_SRR5123672,1,3,0,2,0,0,0,2,2,0
92707_GSM2435620_SRR5123673,1,2,0,3,0,0,0,0,1,0
92707_GSM2435621_SRR5123674,1,4,0,1,0,0,1,0,1,0
92707_GSM2435622_SRR5123675,0,3,0,3,0,0,0,2,1,0
92707_GSM2435623_SRR5123676,0,3,0,2,0,0,0,0,1,1
92707_GSM2435624_SRR5123677,1,2,0,0,0,0,0,1,3,0
92707_GSM2435625_SRR5123678,1,1,0,3,0,0,0,1,1,0
92707_GSM2435626_SRR5123679,0,0,0,1,0,0,0,2,3,1
92707_GSM2435627_SRR5123680,0,0,0,1,0,0,1,1,1,0
92707_GSM2435628_SRR5123681,0,2,0,1,0,0,1,1,2,0
92707_GSM2435629_SRR5123682,2,3,0,3,0,0,0,0,1,0
92707_GSM2435630_SRR5123683,1,4,0,0,0,0,0,2,3,0
92707_GSM2435631_SRR5123684,1,0,0,2,0,0,1,1,1,0
92707_GSM2435632_SRR5123685,0,4,0,3,0,0,1,2,1,1
92707_GSM2435633_SRR5123686,0,3,0,2,0,0,0,0,1,0
92707_GSM2435634_SRR5123687,0,2,0,3,0,0,1,2,1,0
92707_GSM2435635_SRR5123688,0,1,0,3,0,0,0,1,2,0
92707_GSM2435636_SRR5123689,1,4,0,2,1,0,0,2,1,1
92707_GSM2435637_SRR5123690,0,0,0,0,0,0,0,1,1,0
92707_GSM2435638_SRR5123691,1,4,0,1,0,0,0,1,3,0
92707_GSM2435639_SRR5123692,0,2,0,3,0,0,0,0,1,1
92707_GSM2435640_SRR5123693,1,2,0,2,0,0,0,1,1,0
92707_GSM2435641_SRR5123694,1,0,0,1,0,0,0,1,1,0
92707_GSM2435642_SRR5123695,0,1,0,2,0,0,0,1,2,0
92707_GSM2435643_SRR5123696,0,0,0,1,0,0,1,2,3,1
92707_GSM2435644_SRR5123697,1,1,0,3,0,0,0,1,3,0
92707_GSM2435645_SRR5123698,1,4,0,1,0,0,0,2,3,1
92707_GSM2435646_SRR5123699,1,4,0,2,0,0,0,2,1,0
92707_GSM2435647_SRR5123700,2,2,0,3,0,0,0,2,1,0
92707_GSM2435648_SRR5123701,1,3,0,1,0,0,1,0,0,1
92707_GSM2435649_SRR5123702,2,0,0,2,0,0,0,0,2,1
92707_GSM2435650_SRR5123703,0,2,0,2,0,0,0,0,1,1
92707_GSM2435651_SRR5123704,0,4,0,1,0,0,0,1,2,0
92707_GSM2435652_SRR5123705,1,0,0,2,0,0,1,1,3,0
92707_GSM2435653_SRR5123706,1,3,0,2,0,0,0,0,3,0
92707_GSM2435654_SRR5123707,1,0,0,2,0,0,1,1,1,0
92707_GSM2435655_SRR5123708,1,2,0,0,0,0,1,2,2,1
92707_GSM2435657_SRR5123710,0,3,0,2,0,0,0,2,3,0
92707_GSM2435658_SRR5123711,1,2,0,3,0,0,0,1,1,0
92707_GSM2435659_SRR5123712,1,2,0,3,0,0,1,2,3,0
92707_GSM2435660_SRR5123713,2,2,0,0,0,0,0,2,1,0
92707_GSM2435661_SRR5123714,1,0,0,1,0,0,0,0,1,0
92707_GSM2435662_SRR5123715,1,2,0,3,0,0,1,1,1,0
92707_GSM2435663_SRR5123716,1,0,0,0,0,0,0,0,1,1
92707_GSM2435664_SRR5123717,0,2,0,1,0,0,1,0,0,0
92707_GSM2435665_SRR5123718,0,4,0,2,0,0,1,2,1,0
92707_GSM2435666_SRR5123719,1,4,0,1,0,0,0,1,1,0
92707_GSM2435667_SRR5123720,0,1,0,0,0,0,1,1,1,0
92707_GSM2435668_SRR5123721,1,3,0,2,0,0,1,0,3,0
92707_GSM2435669_SRR5123722,1,4,0,1,0,0,0,1,2,0
92707_GSM2435670_SRR5123723,1,3,0,3,0,0,1,2,1,0
92707_GSM2435671_SRR5123724,1,1,0,3,0,0,0,1,3,0
92707_GSM2435672_SRR5123725,0,4,0,3,0,0,0,2,1,1
92707_GSM2435673_SRR5123726,2,0,0,2,0,0,1,2,1,1
92707_GSM2435674_SRR5123727,1,4,0,0,0,0,0,1,1,0
92707_GSM2435675_SRR5123728,1,0,0,2,0,0,1,2,3,0
92707_GSM2435676_SRR5123729,1,1,0,0,0,0,0,0,3,0
92707_GSM2435677_SRR5123730,1,2,0,0,0,0,0,1,2,0
92707_GSM2435678_SRR5123731,0,4,0,3,0,0,0,1,2,0
92707_GSM2435679_SRR5123732,1,0,0,0,0,0,1,2,3,0
92707_GSM2435680_SRR5123733,0,2,0,3,0,0,0,0,0,1
92707_GSM2435681_SRR5123734,0,1,0,0,1,0,1,1,2,0
92707_GSM2435682_SRR5123735,1,1,0,2,0,0,1,1,1,0
92707_GSM2435683_SRR5123736,1,1,0,1,0,0,1,2,1,1
92707_GSM2435684_SRR5123737,1,1,0,2,0,0,1,2,3,0
92707_GSM2435685_SRR5123738,0,4,0,3,0,0,0,2,2,0
92707_GSM2435686_SRR5123739,2,4,0,0,1,0,0,2,0,0
92707_GSM2435687_SRR5123740,0,1,0,3,0,0,0,0,0,1
92707_GSM2435688_SRR5123741,1,4,0,3,0,0,0,1,3,0
92707_GSM2435689_SRR5123742,0,4,0,2,0,0,0,2,3,0
92707_GSM2435690_SRR5123743,0,2,0,2,0,0,0,1,1,0
92707_GSM2435691_SRR5123744,0,2,0,2,0,0,0,0,3,0
92707_GSM2435692_SRR5123745,0,2,0,0,0,0,1,1,1,0
92707_GSM2435693_SRR5123746,1,3,0,0,0,0,1,2,3,0
92707_GSM2435694_SRR5123747,0,3,0,2,0,0,0,0,1,1
92707_GSM2435695_SRR5123748,0,0,0,2,0,0,1,0,2,1
92707_GSM2435696_SRR5123749,0,4,0,2,0,0,1,1,1,0
92707_GSM2435697_SRR5123750,0,1,0,2,0,0,0,0,3,1
92707_GSM2435698_SRR5123751,1,1,0,1,0,0,0,1,3,0
92707_GSM2435699_SRR5123752,2,4,0,3,0,0,0,1,1,0
92707_GSM2435700_SRR5123753,1,1,0,0,0,0,0,2,1,1
92707_GSM2435701_SRR5123754,1,2,0,2,0,0,0,1,1,0
92707_GSM2435702_SRR5123755,0,4,0,1,0,0,0,2,1,1
92707_GSM2435703_SRR5123756,0,3,0,1,0,0,0,2,3,0
92707_GSM2435704_SRR5123757,0,3,0,2,0,0,0,2,0,0
92707_GSM2435705_SRR5123758,0,4,0,0,0,0,0,2,3,0
92707_GSM2435706_SRR5123759,2,0,0,3,0,0,0,1,1,0
92707_GSM2435707_SRR5123760,1,0,0,0,0,0,0,0,1,0
92707_GSM2435708_SRR5123761,2,0,0,2,0,0,0,2,1,0
92707_GSM2435709_SRR5123762,1,2,0,3,0,0,0,1,1,0
92707_GSM2435710_SRR5123763,1,4,0,3,0,0,0,2,3,0
92707_GSM2435711_SRR5123764,1,0,0,3,0,0,0,0,3,0
92707_GSM2435712_SRR5123765,0,0,0,2,0,0,1,0,1,1
92707_GSM2435713_SRR5123766,0,2,0,2,1,0,1,0,3,1
92707_GSM2435714_SRR5123767,1,3,0,2,0,0,0,0,1,0
92707_GSM2435715_SRR5123768,1,3,0,3,0,0,0,0,0,0
92707_GSM2435716_SRR5123769,1,1,0,3,0,0,0,1,1,0
92707_GSM2435717_SRR5123770,1,2,0,0,0,0,0,2,3,0
92707_GSM2435718_SRR5123771,0,4,0,3,0,0,0,2,1,1
92707_GSM2435719_SRR5123772,1,1,0,0,0,0,1,1,3,0
92707_GSM2435720_SRR5123773,1,2,0,3,0,0,0,0,2,0
92707_GSM2435721_SRR5123774,1,1,0,3,0,0,0,0,2,0
92707_GSM2435722_SRR5123775,1,0,0,0,0,0,0,1,2,0
92707_GSM2435724_SRR5123777,1,4,0,1,0,0,0,2,1,0
92707_GSM2435725_SRR5123778,1,4,0,2,0,0,0,2,3,0
92707_GSM2435726_SRR5123779,0,4,0,2,0,0,1,2,1,1
92707_GSM2435727_SRR5123780,1,4,0,2,0,0,0,1,3,0
92707_GSM2435728_SRR5123781,2,2,0,2,0,0,0,1,3,0
92707_GSM2435729_SRR5123782,1,2,0,2,0,0,1,2,1,0
92707_GSM2435730_SRR5123783,0,1,0,3,0,0,1,2,3,0
92707_GSM2435731_SRR5123784,2,3,0,3,0,0,0,0,1,0
92707_GSM2435732_SRR5123785,0,4,0,2,0,0,1,2,1,0
92707_GSM2435733_SRR5123786,0,2,0,1,0,0,0,2,1,0
92707_GSM2435734_SRR5123787,0,0,0,1,0,0,0,0,3,0
92707_GSM2435735_SRR5123788,0,4,0,3,0,0,0,1,3,0
92707_GSM2435736_SRR5123789,2,4,0,3,0,0,0,2,1,0
92707_GSM2435737_SRR5123790,0,4,0,2,0,0,0,2,3,0
92707_GSM2435738_SRR5123791,0,0,0,2,0,0,0,0,0,0
92707_GSM2435739_SRR5123792,0,0,0,0,0,0,0,1,3,0
92707_GSM2435740_SRR5123793,1,2,0,3,0,0,0,2,1,0
92707_GSM2435741_SRR5123794,1,4,0,0,0,0,0,2,1,0
92707_GSM2435742_SRR5123795,0,3,0,1,1,0,1,2,2,0
92707_GSM2435743_SRR5123796,0,4,0,2,0,0,1,2,1,1
92707_GSM2435744_SRR5123797,0,0,0,2,0,0,0,0,1,0
92707_GSM2435745_SRR5123798,0,3,0,2,0,0,0,2,1,0
92707_GSM2435746_SRR5123799,0,0,0,2,1,0,0,1,1,0
92707_GSM2435747_SRR5123800,1,3,0,3,0,0,0,0,1,0
92707_GSM2435748_SRR5123801,0,3,0,3,0,0,0,2,1,1
92707_GSM2435749_SRR5123802,2,3,0,0,0,0,1,2,1,1
92707_GSM2435750_SRR5123803,0,4,0,0,0,0,0,2,2,1
92707_GSM2435751_SRR5123804,0,0,0,2,0,0,0,0,0,1
92707_GSM2435752_SRR5123805,0,2,0,0,0,0,0,2,1,0
92707_GSM2435753_SRR5123806,1,3,0,1,0,0,0,0,3,0
92707_GSM2435754_SRR5123807,0,0,0,2,0,0,0,2,1,1
92707_GSM2435755_SRR5123808,1,4,0,2,0,0,1,2,3,0
92707_GSM2435756_SRR5123809,1,0,0,1,0,0,0,2,3,0
92707_GSM2435757_SRR5123810,2,2,0,2,0,0,0,0,0,1
92707_GSM2435758_SRR5123811,1,4,0,2,0,0,0,2,0,0
92707_GSM2435759_SRR5123812,1,3,0,1,0,0,0,2,1,1
92707_GSM2435760_SRR5123813,0,3,0,1,0,0,1,0,0,0
92707_GSM2435761_SRR5123814,1,2,0,2,1,0,0,0,1,0
