sample_index,mcm3,ifitm2,ifitm1,cd9,ptma,zwint,snrpn,slc25a53,snap47,tecr
52525_GSM1268909_SRR1033320,0.0,0.0,0.0,0.0,0.0,0.0,0.0,0.0,0.0,0.0
52525_GSM1268915_SRR1033326,0.0,0.0,0.0,0.0,0.0,0.0,0.0,0.0,0.0,0.0
52525_GSM1268918_SRR1033329,0.0,0.0,0.0,0.0,0.0,0.0,0.0,0.0,0.0,0.0
52525_GSM1268921_SRR1033332,0.0,0.0,0.0,0.0,0.0,0.0,0.0,0.0,0.0,0.0
52525_GSM1268930_SRR1033341,0.0,0.0,0.0,0.0,0.0,0.0,0.0,0.0,0.0,0.0
52525_GSM1268932_SRR1033343,0.0,0.0,0.0,0.0,0.0,0.0,0.0,0.0,0.0,0.0
52525_GSM1268933_SRR1033344,0.0,0.0,0.0,0.0,0.0,0.0,0.0,0.0,0.0,0.0
52564_GSM1269905_SRR1033785,0.0,0.0,0.0,1.0,0.0,0.0,0.0,0.0,0.0,0.0
52564_GSM1269906_SRR1033786,0.0,0.0,0.0,1.0,0.0,0.0,0.0,0.0,0.0,0.0
63576_GSM1552873_SRR1660572,0.0,0.0,0.0,0.0,1.0,1.0,0.0,0.0,0.0,0.0
63576_GSM1552874_SRR1660573,0.0,0.0,0.0,0.0,0.0,0.0,0.0,0.0,0.0,0.0
63576_GSM1552875_SRR1660574,0.0,0.0,0.0,0.0,1.0,1.0,0.0,0.0,0.0,0.0
63576_GSM1552876_SRR1660575,0.0,1.0,0.0,0.0,1.0,1.0,0.0,0.0,0.0,0.0
63576_GSM1552877_SRR1660576,0.0,0.0,0.0,0.0,1.0,1.0,0.0,0.0,0.0,0.0
63576_GSM1552878_SRR1660577,0.0,0.0,0.0,0.0,1.0,1.0,0.0,0.0,0.0,0.0
63576_GSM1552879_SRR1660578,0.0,0.0,0.0,1.0,1.0,1.0,0.0,0.0,0.0,0.0
63576_GSM1552880_SRR1660579,0.0,0.0,0.0,0.0,1.0,1.0,0.0,0.0,0.0,0.0
63576_GSM1552881_SRR1660580,0.0,0.0,0.0,0.0,1.0,1.0,0.0,0.0,0.0,0.0
63576_GSM1552882_SRR1660581,0.0,0.0,0.0,1.0,1.0,1.0,0.0,0.0,0.0,0.0
63576_GSM1552883_SRR1660582,0.0,0.0,0.0,1.0,1.0,1.0,0.0,0.0,0.0,0.0
63576_GSM1552884_SRR1660583,0.0,0.0,0.0,0.0,1.0,0.0,0.0,0.0,0.0,0.0
63576_GSM1552885_SRR1660584,0.0,0.0,0.0,0.0,1.0,0.0,0.0,0.0,0.0,0.0
63576_GSM1552886_SRR1660585,0.0,0.0,0.0,1.0,0.0,0.0,0.0,0.0,0.0,0.0
63576_GSM1552887_SRR1660586,0.0,0.0,0.0,0.0,1.0,1.0,0.0,0.0,0.0,0.0
63576_GSM1552888_SRR1660587,0.0,0.0,0.0,0.0,1.0,1.0,0.0,0.0,0.0,0.0
63576_GSM1552889_SRR1660588,0.0,0.0,0.0,0.0,1.0,1.0,0.0,0.0,0.0,0.0
63576_GSM1552890_SRR1660589,0.0,0.0,0.0,0.0,1.0,1.0,0.0,0.0,0.0,0.0
63576_GSM1552891_SRR1660590,0.0,0.0,0.0,1.0,1.0,1.0,0.0,0.0,0.0,0.0
63576_GSM1552892_SRR1660591,0.0,0.0,0.0,0.0,1.0,1.0,0.0,0.0,0.0,0.0
63576_GSM1552893_SRR1660592,0.0,0.0,0.0,0.0,1.0,1.0,0.0,0.0,0.0,0.0
63576_GSM1552894_SRR1660593,0.0,0.0,0.0,0.0,1.0,1.0,0.0,0.0,0.0,0.0
63576_GSM1552895_SRR1660594,0.0,0.0,0.0,0.0,1.0,0.0,0.0,0.0,0.0,0.0
63576_GSM1552896_SRR1660595,0.0,0.0,0.0,0.0,1.0,0.0,0.0,0.0,0.0,0.0
63576_GSM1552897_SRR1660596,0.0,0.0,0.0,0.0,1.0,1.0,0.0,0.0,0.0,0.0
63576_GSM1552898_SRR1660597,0.0,0.0,0.0,0.0,1.0,1.0,0.0,0.0,0.0,0.0
63576_GSM1552899_SRR1660598,0.0,0.0,0.0,0.0,1.0,1.0,0.0,0.0,0.0,0.0
63576_GSM1552900_SRR1660599,0.0,0.0,0.0,0.0,0.0,0.0,0.0,0.0,0.0,0.0
63576_GSM1552901_SRR1660600,0.0,0.0,0.0,0.0,1.0,0.0,0.0,0.0,0.0,0.0
63576_GSM1552902_SRR1660601,0.0,0.0,0.0,0.0,1.0,1.0,0.0,0.0,0.0,0.0
63576_GSM1552903_SRR1660602,0.0,0.0,0.0,0.0,1.0,0.0,0.0,0.0,0.0,0.0
63576_GSM1552904_SRR1660603,0.0,0.0,0.0,0.0,1.0,1.0,0.0,0.0,0.0,0.0
63576_GSM1552905_SRR1660604,0.0,0.0,0.0,0.0,1.0,1.0,0.0,0.0,0.0,0.0
63576_GSM1552906_SRR1660605,0.0,0.0,0.0,0.0,1.0,1.0,0.0,0.0,0.0,0.0
63576_GSM1552907_SRR1660606,0.0,0.0,0.0,0.0,1.0,1.0,0.0,0.0,0.0,0.0
63576_GSM1552908_SRR1660607,0.0,0.0,0.0,0.0,1.0,1.0,0.0,0.0,0.0,0.0
63576_GSM1552909_SRR1660608,0.0,0.0,0.0,0.0,1.0,0.0,0.0,0.0,0.0,0.0
63576_GSM1552910_SRR1660609,0.0,0.0,0.0,0.0,1.0,1.0,0.0,0.0,0.0,0.0
63576_GSM1552911_SRR1660610,0.0,0.0,0.0,1.0,2.0,0.0,0.0,0.0,0.0,0.0
63576_GSM1552912_SRR1660611,0.0,0.0,0.0,0.0,2.0,1.0,0.0,0.0,0.0,0.0
63576_GSM1552913_SRR1660612,0.0,0.0,0.0,0.0,1.0,1.0,0.0,0.0,0.0,0.0
63576_GSM1552914_SRR1660613,0.0,0.0,0.0,1.0,1.0,1.0,0.0,0.0,0.0,0.0
63576_GSM1552915_SRR1660614,0.0,0.0,0.0,0.0,2.0,0.0,0.0,0.0,0.0,0.0
63576_GSM1552916_SRR1660615,0.0,0.0,0.0,0.0,2.0,1.0,0.0,0.0,0.0,0.0
63576_GSM1552917_SRR1660616,0.0,0.0,0.0,0.0,1.0,1.0,0.0,0.0,0.0,0.0
63576_GSM1552918_SRR1660617,0.0,0.0,0.0,0.0,1.0,1.0,0.0,0.0,0.0,0.0
63576_GSM1552919_SRR1660618,0.0,0.0,0.0,1.0,1.0,1.0,0.0,0.0,0.0,0.0
63576_GSM1552920_SRR1660619,0.0,0.0,0.0,0.0,1.0,1.0,0.0,0.0,0.0,0.0
63576_GSM1552921_SRR1660620,0.0,0.0,0.0,0.0,1.0,1.0,0.0,0.0,0.0,0.0
63576_GSM1552922_SRR1660621,0.0,0.0,0.0,0.0,2.0,1.0,0.0,0.0,0.0,0.0
63576_GSM1552923_SRR1660622,0.0,0.0,0.0,0.0,1.0,1.0,0.0,0.0,0.0,0.0
63576_GSM1552924_SRR1660623,0.0,0.0,0.0,0.0,2.0,1.0,0.0,0.0,0.0,0.0
63576_GSM1552925_SRR1660624,0.0,0.0,0.0,0.0,1.0,1.0,0.0,0.0,0.0,0.0
63576_GSM1552926_SRR1660625,0.0,0.0,0.0,1.0,1.0,1.0,0.0,0.0,0.0,0.0
63576_GSM1552927_SRR1660626,0.0,0.0,0.0,0.0,2.0,1.0,0.0,0.0,0.0,0.0
63576_GSM1552928_SRR1660627,0.0,0.0,0.0,0.0,1.0,1.0,0.0,0.0,0.0,0.0
63576_GSM1552929_SRR1660628,0.0,0.0,0.0,0.0,1.0,1.0,0.0,0.0,0.0,0.0
63576_GSM1552930_SRR1660629,0.0,0.0,0.0,0.0,2.0,1.0,0.0,0.0,0.0,0.0
63576_GSM1552931_SRR1660630,0.0,0.0,0.0,0.0,1.0,1.0,0.0,0.0,0.0,0.0
63576_GSM1552932_SRR1660631,0.0,0.0,0.0,0.0,1.0,1.0,0.0,0.0,0.0,0.0
63576_GSM1552933_SRR1660632,0.0,0.0,0.0,0.0,1.0,1.0,0.0,0.0,0.0,0.0
63576_GSM1552936_SRR1660635,0.0,0.0,0.0,0.0,1.0,1.0,0.0,0.0,0.0,0.0
63576_GSM1552937_SRR1660636,0.0,0.0,0.0,0.0,1.0,1.0,0.0,0.0,0.0,0.0
63576_GSM1552938_SRR1660637,0.0,0.0,0.0,0.0,1.0,1.0,0.0,0.0,0.0,0.0
63576_GSM1552939_SRR1660638,0.0,0.0,0.0,0.0,1.0,0.0,0.0,0.0,0.0,0.0
63576_GSM1552940_SRR1660639,0.0,0.0,0.0,0.0,1.0,1.0,0.0,0.0,0.0,0.0
63576_GSM1552941_SRR1660640,0.0,0.0,0.0,0.0,1.0,0.0,0.0,0.0,0.0,0.0
63576_GSM1552942_SRR1660641,0.0,0.0,0.0,0.0,1.0,1.0,0.0,0.0,0.0,0.0
63576_GSM1552943_SRR1660642,0.0,0.0,0.0,0.0,1.0,1.0,0.0,0.0,0.0,0.0
63576_GSM1552944_SRR1660643,0.0,0.0,0.0,0.0,1.0,1.0,0.0,0.0,0.0,0.0
63576_GSM1552945_SRR1660644,0.0,0.0,0.0,0.0,1.0,0.0,0.0,0.0,0.0,0.0
63576_GSM1552946_SRR1660645,0.0,0.0,0.0,0.0,1.0,1.0,0.0,0.0,0.0,0.0
63576_GSM1552947_SRR1660646,0.0,0.0,0.0,0.0,1.0,0.0,0.0,0.0,0.0,0.0
63576_GSM1552948_SRR1660647,0.0,0.0,0.0,0.0,1.0,0.0,0.0,0.0,0.0,0.0
63576_GSM1552949_SRR1660648,0.0,0.0,0.0,0.0,1.0,0.0,0.0,0.0,0.0,0.0
63576_GSM1552951_SRR1660650,0.0,0.0,0.0,0.0,1.0,0.0,0.0,0.0,0.0,0.0
63576_GSM1552953_SRR1660652,0.0,0.0,0.0,0.0,1.0,0.0,0.0,0.0,0.0,0.0
63576_GSM1552955_SRR1660654,0.0,0.0,0.0,0.0,1.0,1.0,0.0,0.0,0.0,0.0
63576_GSM1552956_SRR1660655,0.0,0.0,0.0,0.0,1.0,1.0,0.0,0.0,0.0,0.0
63576_GSM1552957_SRR1660656,0.0,0.0,0.0,0.0,1.0,1.0,0.0,0.0,0.0,0.0
63576_GSM1552960_SRR1660659,0.0,1.0,0.0,0.0,1.0,1.0,0.0,0.0,0.0,0.0
63576_GSM1552961_SRR1660660,0.0,1.0,0.0,0.0,1.0,0.0,0.0,0.0,0.0,0.0
63576_GSM1552962_SRR1660661,0.0,0.0,0.0,0.0,1.0,0.0,0.0,0.0,0.0,0.0
63576_GSM1552963_SRR1660662,0.0,0.0,0.0,0.0,1.0,1.0,0.0,0.0,0.0,0.0
63576_GSM1552964_SRR1660663,0.0,0.0,0.0,0.0,1.0,0.0,0.0,0.0,0.0,0.0
63576_GSM1552965_SRR1660664,0.0,0.0,0.0,0.0,1.0,0.0,0.0,0.0,0.0,0.0
63576_GSM1552969_SRR1660668,0.0,0.0,0.0,0.0,1.0,0.0,0.0,0.0,0.0,0.0
63576_GSM1552970_SRR1660669,0.0,0.0,0.0,0.0,1.0,1.0,0.0,0.0,0.0,0.0
63576_GSM1552971_SRR1660670,0.0,0.0,0.0,0.0,1.0,1.0,0.0,0.0,0.0,0.0
63576_GSM1552972_SRR1660671,0.0,0.0,0.0,0.0,1.0,0.0,0.0,0.0,0.0,0.0
63576_GSM1552973_SRR1660672,0.0,0.0,0.0,0.0,1.0,1.0,0.0,0.0,0.0,0.0
63576_GSM1552974_SRR1660673,0.0,0.0,0.0,0.0,1.0,1.0,0.0,0.0,0.0,0.0
63576_GSM1552975_SRR1660674,0.0,0.0,0.0,0.0,1.0,0.0,0.0,0.0,0.0,0.0
63576_GSM1552976_SRR1660675,0.0,0.0,0.0,0.0,1.0,2.0,0.0,0.0,0.0,0.0
63576_GSM1552979_SRR1660678,0.0,0.0,0.0,0.0,1.0,1.0,0.0,0.0,0.0,0.0
63576_GSM1552980_SRR1660679,0.0,0.0,0.0,0.0,2.0,1.0,0.0,0.0,0.0,0.0
63576_GSM1552981_SRR1660680,0.0,0.0,0.0,0.0,0.0,0.0,0.0,0.0,0.0,0.0
63576_GSM1552983_SRR1660682,0.0,0.0,0.0,0.0,0.0,0.0,0.0,0.0,0.0,0.0
63576_GSM1552986_SRR1660685,0.0,0.0,0.0,0.0,0.0,0.0,0.0,0.0,0.0,0.0
63576_GSM1552988_SRR1660687,0.0,0.0,0.0,0.0,0.0,0.0,0.0,0.0,0.0,0.0
63576_GSM1552989_SRR1660688,0.0,0.0,0.0,0.0,0.0,0.0,0.0,0.0,0.0,0.0
63576_GSM1552990_SRR1660689,0.0,0.0,0.0,0.0,0.0,0.0,0.0,0.0,0.0,0.0
63576_GSM1552991_SRR1660690,0.0,0.0,0.0,0.0,0.0,0.0,0.0,0.0,0.0,0.0
63576_GSM1552993_SRR1660692,0.0,0.0,0.0,0.0,0.0,0.0,0.0,0.0,0.0,0.0
63576_GSM1552995_SRR1660694,0.0,0.0,0.0,0.0,0.0,0.0,0.0,0.0,0.0,0.0
63576_GSM1552996_SRR1660695,0.0,0.0,0.0,0.0,0.0,0.0,0.0,0.0,0.0,0.0
63576_GSM1552997_SRR1660696,0.0,0.0,0.0,0.0,0.0,0.0,0.0,0.0,0.0,0.0
63576_GSM1552999_SRR1660698,0.0,0.0,0.0,0.0,0.0,0.0,0.0,0.0,0.0,0.0
63576_GSM1553000_SRR1660699,0.0,0.0,0.0,0.0,0.0,0.0,0.0,0.0,0.0,0.0
63576_GSM1553001_SRR1660700,0.0,0.0,0.0,0.0,0.0,0.0,0.0,0.0,0.0,0.0
63576_GSM1553002_SRR1660701,0.0,0.0,0.0,0.0,1.0,0.0,0.0,0.0,0.0,0.0
63576_GSM1553003_SRR1660702,0.0,0.0,0.0,0.0,0.0,0.0,0.0,0.0,0.0,0.0
63576_GSM1553004_SRR1660703,0.0,0.0,0.0,0.0,1.0,0.0,0.0,0.0,0.0,0.0
63576_GSM1553005_SRR1660704,0.0,0.0,0.0,0.0,0.0,0.0,0.0,0.0,0.0,0.0
63576_GSM1553006_SRR1660705,0.0,0.0,0.0,0.0,0.0,0.0,0.0,0.0,0.0,0.0
63576_GSM1553007_SRR1660706,0.0,0.0,0.0,0.0,0.0,0.0,0.0,0.0,0.0,0.0
63576_GSM1553008_SRR1660707,0.0,0.0,0.0,0.0,0.0,0.0,0.0,0.0,0.0,0.0
63576_GSM1553009_SRR1660708,0.0,0.0,0.0,0.0,1.0,0.0,0.0,0.0,0.0,0.0
63576_GSM1553011_SRR1660710,0.0,0.0,0.0,0.0,0.0,0.0,0.0,0.0,0.0,0.0
63576_GSM1553012_SRR1660711,0.0,0.0,0.0,0.0,0.0,0.0,0.0,0.0,0.0,0.0
63576_GSM1553013_SRR1660712,0.0,0.0,0.0,0.0,1.0,1.0,0.0,0.0,0.0,0.0
63576_GSM1553014_SRR1660713,0.0,0.0,0.0,0.0,0.0,0.0,0.0,0.0,0.0,0.0
63576_GSM1553015_SRR1660714,0.0,0.0,0.0,0.0,0.0,0.0,0.0,0.0,0.0,0.0
63576_GSM1553016_SRR1660715,0.0,0.0,0.0,0.0,0.0,0.0,0.0,0.0,0.0,0.0
63576_GSM1553017_SRR1660716,0.0,0.0,0.0,0.0,0.0,0.0,0.0,0.0,0.0,0.0
63576_GSM1553018_SRR1660717,0.0,0.0,0.0,0.0,0.0,0.0,0.0,0.0,0.0,0.0
63576_GSM1553019_SRR1660718,0.0,0.0,0.0,0.0,0.0,0.0,0.0,0.0,0.0,0.0
63576_GSM1553020_SRR1660719,0.0,0.0,0.0,0.0,0.0,0.0,0.0,0.0,0.0,0.0
63576_GSM1553021_SRR1660720,0.0,0.0,0.0,0.0,0.0,0.0,0.0,0.0,0.0,0.0
63576_GSM1553022_SRR1660721,0.0,0.0,0.0,0.0,0.0,0.0,0.0,0.0,0.0,0.0
63576_GSM1553023_SRR1660722,0.0,0.0,0.0,0.0,0.0,0.0,0.0,0.0,0.0,0.0
63576_GSM1553024_SRR1660723,0.0,0.0,0.0,0.0,0.0,0.0,0.0,0.0,0.0,0.0
63576_GSM1553025_SRR1660724,0.0,0.0,0.0,0.0,0.0,0.0,0.0,0.0,0.0,0.0
63576_GSM1553026_SRR1660725,0.0,0.0,0.0,0.0,1.0,0.0,0.0,0.0,0.0,0.0
63576_GSM1553027_SRR1660726,0.0,0.0,0.0,0.0,1.0,0.0,0.0,0.0,0.0,0.0
63576_GSM1553028_SRR1660727,0.0,0.0,0.0,0.0,0.0,0.0,0.0,0.0,0.0,0.0
63576_GSM1553029_SRR1660728,0.0,0.0,0.0,0.0,0.0,0.0,0.0,0.0,0.0,0.0
63576_GSM1553030_SRR1660729,0.0,0.0,0.0,0.0,0.0,0.0,0.0,0.0,0.0,0.0
63576_GSM1553031_SRR1660730,0.0,0.0,0.0,0.0,0.0,0.0,0.0,0.0,0.0,0.0
63576_GSM1553032_SRR1660731,0.0,0.0,0.0,0.0,0.0,0.0,0.0,0.0,0.0,0.0
63576_GSM1553033_SRR1660732,0.0,0.0,0.0,0.0,0.0,0.0,0.0,0.0,0.0,0.0
63576_GSM1553034_SRR1660733,0.0,0.0,0.0,0.0,0.0,0.0,0.0,0.0,0.0,0.0
63576_GSM1553035_SRR1660734,0.0,0.0,0.0,0.0,0.0,0.0,0.0,0.0,0.0,0.0
63576_GSM1553036_SRR1660735,0.0,0.0,0.0,0.0,1.0,0.0,0.0,0.0,0.0,0.0
63576_GSM1553037_SRR1660736,0.0,0.0,0.0,0.0,0.0,0.0,0.0,0.0,0.0,0.0
63576_GSM1553038_SRR1660737,0.0,0.0,0.0,0.0,0.0,0.0,0.0,0.0,0.0,0.0
63576_GSM1553039_SRR1660738,0.0,0.0,0.0,0.0,1.0,0.0,0.0,0.0,0.0,0.0
63576_GSM1553040_SRR1660739,0.0,0.0,0.0,0.0,0.0,0.0,0.0,0.0,0.0,0.0
63576_GSM1553041_SRR1660740,0.0,0.0,0.0,0.0,0.0,0.0,0.0,0.0,0.0,0.0
63576_GSM1553042_SRR1660741,0.0,0.0,0.0,0.0,0.0,0.0,0.0,0.0,0.0,0.0
63576_GSM1553043_SRR1660742,0.0,0.0,0.0,0.0,0.0,0.0,0.0,0.0,0.0,0.0
63576_GSM1553044_SRR1660743,0.0,0.0,0.0,0.0,0.0,0.0,0.0,0.0,0.0,0.0
63576_GSM1553045_SRR1660744,0.0,0.0,0.0,0.0,1.0,0.0,0.0,0.0,0.0,0.0
63576_GSM1553046_SRR1660745,0.0,0.0,0.0,0.0,0.0,0.0,0.0,0.0,0.0,0.0
63576_GSM1553047_SRR1660746,0.0,0.0,0.0,0.0,1.0,1.0,0.0,0.0,0.0,0.0
63576_GSM1553048_SRR1660747,0.0,0.0,0.0,0.0,0.0,0.0,0.0,0.0,0.0,0.0
63576_GSM1553049_SRR1660748,0.0,0.0,0.0,0.0,1.0,0.0,0.0,0.0,0.0,0.0
63576_GSM1553050_SRR1660749,0.0,0.0,0.0,0.0,0.0,0.0,0.0,0.0,0.0,0.0
63576_GSM1553051_SRR1660750,0.0,0.0,0.0,0.0,1.0,0.0,0.0,0.0,0.0,0.0
63576_GSM1553052_SRR1660751,0.0,0.0,0.0,0.0,1.0,1.0,0.0,0.0,0.0,0.0
63576_GSM1553053_SRR1660752,0.0,0.0,0.0,0.0,0.0,0.0,0.0,0.0,0.0,0.0
63576_GSM1553054_SRR1660753,0.0,0.0,0.0,0.0,0.0,0.0,0.0,0.0,0.0,0.0
63576_GSM1553055_SRR1660754,0.0,0.0,0.0,0.0,0.0,0.0,0.0,0.0,0.0,0.0
63576_GSM1553056_SRR1660755,0.0,0.0,0.0,0.0,0.0,0.0,0.0,0.0,0.0,0.0
63576_GSM1553057_SRR1660756,0.0,0.0,0.0,0.0,0.0,0.0,0.0,0.0,0.0,0.0
63576_GSM1553058_SRR1660757,0.0,0.0,0.0,0.0,1.0,0.0,0.0,0.0,0.0,0.0
63576_GSM1553059_SRR1660758,0.0,0.0,0.0,0.0,1.0,0.0,0.0,0.0,0.0,0.0
63576_GSM1553060_SRR1660759,0.0,0.0,0.0,0.0,1.0,0.0,0.0,0.0,0.0,0.0
63576_GSM1553061_SRR1660760,0.0,0.0,0.0,0.0,0.0,0.0,0.0,0.0,0.0,0.0
63576_GSM1553062_SRR1660761,0.0,0.0,0.0,0.0,1.0,0.0,0.0,0.0,0.0,0.0
63576_GSM1553063_SRR1660762,0.0,0.0,0.0,0.0,0.0,0.0,0.0,0.0,0.0,0.0
63576_GSM1553064_SRR1660763,0.0,0.0,0.0,0.0,0.0,0.0,0.0,0.0,0.0,0.0
63576_GSM1553065_SRR1660764,0.0,0.0,0.0,0.0,0.0,0.0,0.0,0.0,0.0,0.0
63576_GSM1553066_SRR1660765,0.0,0.0,0.0,0.0,1.0,1.0,0.0,0.0,0.0,0.0
63576_GSM1553067_SRR1660766,0.0,0.0,0.0,0.0,1.0,0.0,0.0,0.0,0.0,0.0
63576_GSM1553068_SRR1660767,0.0,0.0,0.0,0.0,0.0,0.0,0.0,0.0,0.0,0.0
63576_GSM1553069_SRR1660768,0.0,0.0,0.0,0.0,1.0,0.0,0.0,0.0,0.0,0.0
63576_GSM1553070_SRR1660769,0.0,0.0,0.0,0.0,0.0,0.0,0.0,0.0,0.0,0.0
63576_GSM1553071_SRR1660770,0.0,1.0,0.0,0.0,0.0,1.0,0.0,0.0,0.0,0.0
63576_GSM1553072_SRR1660771,0.0,0.0,0.0,0.0,1.0,0.0,0.0,0.0,0.0,0.0
63576_GSM1553073_SRR1660772,0.0,0.0,0.0,0.0,0.0,0.0,0.0,0.0,0.0,0.0
63576_GSM1553074_SRR1660773,0.0,0.0,0.0,0.0,1.0,0.0,0.0,0.0,0.0,0.0
63576_GSM1553075_SRR1660774,0.0,0.0,0.0,0.0,0.0,0.0,0.0,0.0,0.0,0.0
63576_GSM1553076_SRR1660775,0.0,0.0,0.0,0.0,0.0,1.0,0.0,0.0,0.0,0.0
76483_GSM2099935_SRR3302360,0.0,0.0,0.0,0.0,0.0,0.0,0.0,0.0,0.0,0.0
76483_GSM2099936_SRR3302361,0.0,0.0,0.0,0.0,0.0,0.0,0.0,0.0,0.0,0.0
76483_GSM2099937_SRR3302362,0.0,0.0,0.0,0.0,0.0,0.0,0.0,0.0,0.0,0.0
76483_GSM2099938_SRR3302364,0.0,0.0,0.0,0.0,0.0,0.0,0.0,0.0,0.0,0.0
76483_GSM2099939_SRR3302365,0.0,0.0,0.0,0.0,0.0,0.0,0.0,0.0,0.0,0.0
76483_GSM2099940_SRR3302366,0.0,0.0,0.0,0.0,0.0,0.0,0.0,0.0,0.0,0.0
76483_GSM2099941_SRR3302367,0.0,0.0,0.0,0.0,0.0,0.0,0.0,0.0,0.0,0.0
76483_GSM2099942_SRR3302368,0.0,0.0,0.0,0.0,0.0,0.0,0.0,0.0,0.0,0.0
76483_GSM2099943_SRR3302369,0.0,0.0,0.0,0.0,0.0,0.0,0.0,0.0,0.0,0.0
76483_GSM2099944_SRR3302370,0.0,0.0,0.0,0.0,0.0,0.0,0.0,0.0,0.0,0.0
76483_GSM2099945_SRR3302371,0.0,0.0,0.0,0.0,0.0,0.0,0.0,0.0,0.0,0.0
76483_GSM2099946_SRR3302372,0.0,0.0,0.0,0.0,0.0,0.0,0.0,0.0,0.0,0.0
76483_GSM2099947_SRR3302373,0.0,0.0,0.0,0.0,0.0,0.0,0.0,0.0,0.0,0.0
76483_GSM2099948_SRR3302374,0.0,0.0,0.0,0.0,0.0,0.0,0.0,0.0,0.0,0.0
76483_GSM2099949_SRR3302375,0.0,0.0,0.0,0.0,0.0,0.0,0.0,0.0,0.0,0.0
76483_GSM2099950_SRR3302376,0.0,0.0,0.0,0.0,0.0,0.0,0.0,0.0,0.0,0.0
76483_GSM2099951_SRR3302377,0.0,0.0,0.0,0.0,0.0,0.0,0.0,0.0,0.0,0.0
76483_GSM2099952_SRR3302378,0.0,0.0,0.0,0.0,0.0,0.0,0.0,0.0,0.0,0.0
78521_GSM2072079_SRR3188786,0.0,0.0,0.0,0.0,0.0,0.0,0.0,0.0,0.0,0.0
78521_GSM2072079_SRR3188787,0.0,0.0,0.0,0.0,0.0,0.0,0.0,0.0,0.0,0.0
78521_GSM2072079_SRR3188788,0.0,0.0,0.0,0.0,0.0,0.0,0.0,0.0,0.0,0.0
78521_GSM2072079_SRR3188789,0.0,0.0,0.0,0.0,0.0,0.0,0.0,0.0,0.0,0.0
78521_GSM2072080_SRR3188790,0.0,0.0,0.0,0.0,0.0,0.0,0.0,0.0,0.0,0.0
78521_GSM2072080_SRR3188791,0.0,0.0,0.0,0.0,0.0,0.0,0.0,0.0,0.0,0.0
78521_GSM2072080_SRR3188792,0.0,0.0,0.0,0.0,0.0,0.0,0.0,0.0,0.0,0.0
78521_GSM2072080_SRR3188793,0.0,0.0,0.0,0.0,0.0,0.0,0.0,0.0,0.0,0.0
78521_GSM2072081_SRR3188794,0.0,0.0,0.0,0.0,0.0,0.0,0.0,0.0,0.0,0.0
78521_GSM2072081_SRR3188795,0.0,0.0,0.0,0.0,0.0,1.0,0.0,0.0,0.0,0.0
78521_GSM2072081_SRR3188796,0.0,0.0,0.0,0.0,0.0,1.0,0.0,0.0,0.0,0.0
78521_GSM2072081_SRR3188797,0.0,0.0,0.0,0.0,0.0,1.0,0.0,0.0,0.0,0.0
78521_GSM2072082_SRR3188798,0.0,0.0,0.0,0.0,0.0,0.0,0.0,0.0,0.0,0.0
78521_GSM2072082_SRR3188799,0.0,0.0,0.0,0.0,0.0,0.0,0.0,0.0,0.0,0.0
78521_GSM2072082_SRR3188800,0.0,0.0,0.0,0.0,0.0,0.0,0.0,0.0,0.0,0.0
78521_GSM2072082_SRR3188801,0.0,0.0,0.0,0.0,0.0,0.0,0.0,0.0,0.0,0.0
78521_GSM2072083_SRR3188802,0.0,0.0,0.0,0.0,0.0,0.0,0.0,0.0,0.0,0.0
78521_GSM2072083_SRR3188803,0.0,0.0,0.0,0.0,0.0,0.0,0.0,0.0,0.0,0.0
78521_GSM2072083_SRR3188804,0.0,0.0,0.0,0.0,0.0,0.0,0.0,0.0,0.0,0.0
78521_GSM2072083_SRR3188805,0.0,0.0,0.0,0.0,0.0,0.0,0.0,0.0,0.0,0.0
78521_GSM2072084_SRR3188806,0.0,0.0,0.0,0.0,0.0,0.0,0.0,0.0,0.0,0.0
78521_GSM2072084_SRR3188807,0.0,0.0,0.0,0.0,0.0,0.0,0.0,0.0,0.0,0.0
78521_GSM2072084_SRR3188808,0.0,0.0,0.0,0.0,0.0,0.0,0.0,0.0,0.0,0.0
78521_GSM2072084_SRR3188809,0.0,0.0,0.0,0.0,0.0,0.0,0.0,0.0,0.0,0.0
78521_GSM2072085_SRR3188810,0.0,0.0,0.0,0.0,0.0,0.0,0.0,0.0,0.0,0.0
78521_GSM2072085_SRR3188811,0.0,0.0,0.0,0.0,0.0,0.0,0.0,0.0,0.0,0.0
78521_GSM2072085_SRR3188812,0.0,0.0,0.0,0.0,0.0,0.0,0.0,0.0,0.0,0.0
78521_GSM2072085_SRR3188813,0.0,0.0,0.0,0.0,0.0,0.0,0.0,0.0,0.0,0.0
78521_GSM2072086_SRR3188814,0.0,0.0,0.0,0.0,1.0,1.0,0.0,0.0,0.0,0.0
78521_GSM2072086_SRR3188815,0.0,0.0,0.0,0.0,1.0,1.0,0.0,0.0,0.0,0.0
78521_GSM2072086_SRR3188816,0.0,0.0,0.0,0.0,1.0,1.0,0.0,0.0,0.0,0.0
78521_GSM2072086_SRR3188817,0.0,0.0,0.0,0.0,1.0,1.0,0.0,0.0,0.0,0.0
78521_GSM2072087_SRR3188818,0.0,0.0,0.0,0.0,0.0,0.0,0.0,0.0,0.0,0.0
78521_GSM2072087_SRR3188819,0.0,0.0,0.0,0.0,0.0,0.0,0.0,0.0,0.0,0.0
78521_GSM2072087_SRR3188820,0.0,0.0,0.0,0.0,0.0,0.0,0.0,0.0,0.0,0.0
78521_GSM2072087_SRR3188821,0.0,0.0,0.0,0.0,0.0,0.0,0.0,0.0,0.0,0.0
78521_GSM2072088_SRR3188822,0.0,0.0,0.0,0.0,0.0,0.0,0.0,0.0,0.0,0.0
78521_GSM2072088_SRR3188823,0.0,0.0,0.0,0.0,0.0,0.0,0.0,0.0,0.0,0.0
78521_GSM2072088_SRR3188824,0.0,0.0,0.0,0.0,0.0,0.0,0.0,0.0,0.0,0.0
78521_GSM2072088_SRR3188825,0.0,0.0,0.0,0.0,0.0,0.0,0.0,0.0,0.0,0.0
78521_GSM2072089_SRR3188826,0.0,0.0,0.0,0.0,0.0,0.0,0.0,0.0,0.0,0.0
78521_GSM2072089_SRR3188827,0.0,0.0,0.0,0.0,0.0,0.0,0.0,0.0,0.0,0.0
78521_GSM2072089_SRR3188828,0.0,0.0,0.0,0.0,0.0,0.0,0.0,0.0,0.0,0.0
78521_GSM2072089_SRR3188829,0.0,0.0,0.0,0.0,0.0,0.0,0.0,0.0,0.0,0.0
78521_GSM2072090_SRR3188830,0.0,0.0,0.0,0.0,0.0,0.0,0.0,0.0,0.0,0.0
78521_GSM2072090_SRR3188831,0.0,0.0,0.0,0.0,0.0,0.0,0.0,0.0,0.0,0.0
78521_GSM2072090_SRR3188832,0.0,0.0,0.0,0.0,0.0,0.0,0.0,0.0,0.0,0.0
78521_GSM2072090_SRR3188833,0.0,0.0,0.0,0.0,0.0,0.0,0.0,0.0,0.0,0.0
78521_GSM2072091_SRR3188834,0.0,0.0,0.0,0.0,0.0,0.0,0.0,0.0,0.0,0.0
78521_GSM2072091_SRR3188835,0.0,0.0,0.0,0.0,0.0,0.0,0.0,0.0,0.0,0.0
78521_GSM2072091_SRR3188836,0.0,0.0,0.0,0.0,0.0,0.0,0.0,0.0,0.0,0.0
78521_GSM2072091_SRR3188837,0.0,0.0,0.0,0.0,0.0,0.0,0.0,0.0,0.0,0.0
78521_GSM2072092_SRR3188838,0.0,0.0,0.0,0.0,0.0,0.0,0.0,0.0,0.0,0.0
78521_GSM2072092_SRR3188839,0.0,0.0,0.0,0.0,0.0,0.0,0.0,0.0,0.0,0.0
78521_GSM2072092_SRR3188840,0.0,0.0,0.0,0.0,0.0,0.0,0.0,0.0,0.0,0.0
78521_GSM2072092_SRR3188841,0.0,0.0,0.0,0.0,0.0,0.0,0.0,0.0,0.0,0.0
78521_GSM2072093_SRR3188842,0.0,0.0,0.0,0.0,0.0,0.0,0.0,0.0,0.0,0.0
78521_GSM2072093_SRR3188843,0.0,0.0,0.0,0.0,0.0,0.0,0.0,0.0,0.0,0.0
78521_GSM2072093_SRR3188844,0.0,0.0,0.0,0.0,0.0,0.0,0.0,0.0,0.0,0.0
78521_GSM2072093_SRR3188845,0.0,0.0,0.0,0.0,0.0,0.0,0.0,0.0,0.0,0.0
78521_GSM2072094_SRR3188846,0.0,0.0,0.0,0.0,0.0,0.0,0.0,0.0,0.0,0.0
78521_GSM2072094_SRR3188847,0.0,0.0,0.0,0.0,0.0,0.0,0.0,0.0,0.0,0.0
78521_GSM2072094_SRR3188848,0.0,0.0,0.0,0.0,0.0,0.0,0.0,0.0,0.0,0.0
78521_GSM2072094_SRR3188849,0.0,0.0,0.0,0.0,0.0,0.0,0.0,0.0,0.0,0.0
78521_GSM2072095_SRR3188850,0.0,0.0,0.0,0.0,0.0,0.0,0.0,0.0,0.0,0.0
78521_GSM2072095_SRR3188851,0.0,0.0,0.0,0.0,0.0,0.0,0.0,0.0,0.0,0.0
78521_GSM2072095_SRR3188852,0.0,0.0,0.0,0.0,0.0,0.0,0.0,0.0,0.0,0.0
78521_GSM2072095_SRR3188853,0.0,0.0,0.0,0.0,0.0,0.0,0.0,0.0,0.0,0.0
78521_GSM2072096_SRR3188854,0.0,0.0,0.0,0.0,0.0,0.0,0.0,0.0,0.0,0.0
78521_GSM2072096_SRR3188855,0.0,0.0,0.0,0.0,0.0,0.0,0.0,0.0,0.0,0.0
78521_GSM2072096_SRR3188856,0.0,0.0,0.0,0.0,0.0,0.0,0.0,0.0,0.0,0.0
78521_GSM2072096_SRR3188857,0.0,0.0,0.0,0.0,0.0,0.0,0.0,0.0,0.0,0.0
78521_GSM2072097_SRR3188858,0.0,0.0,0.0,0.0,0.0,0.0,0.0,0.0,0.0,0.0
78521_GSM2072097_SRR3188859,0.0,0.0,0.0,0.0,0.0,0.0,0.0,0.0,0.0,0.0
78521_GSM2072097_SRR3188860,0.0,0.0,0.0,0.0,0.0,0.0,0.0,0.0,0.0,0.0
78521_GSM2072097_SRR3188861,0.0,0.0,0.0,0.0,0.0,0.0,0.0,0.0,0.0,0.0
78521_GSM2072098_SRR3188862,0.0,0.0,0.0,0.0,0.0,0.0,0.0,0.0,0.0,0.0
78521_GSM2072098_SRR3188863,0.0,0.0,0.0,0.0,1.0,0.0,0.0,0.0,0.0,0.0
78521_GSM2072098_SRR3188864,0.0,0.0,0.0,0.0,0.0,0.0,0.0,0.0,0.0,0.0
78521_GSM2072098_SRR3188865,0.0,0.0,0.0,0.0,0.0,0.0,0.0,0.0,0.0,0.0
78521_GSM2072099_SRR3188866,0.0,0.0,0.0,0.0,0.0,0.0,0.0,0.0,0.0,0.0
78521_GSM2072099_SRR3188867,0.0,0.0,0.0,0.0,0.0,0.0,0.0,0.0,0.0,0.0
78521_GSM2072099_SRR3188868,0.0,0.0,0.0,0.0,0.0,0.0,0.0,0.0,0.0,0.0
78521_GSM2072099_SRR3188869,0.0,0.0,0.0,0.0,0.0,0.0,0.0,0.0,0.0,0.0
78521_GSM2072100_SRR3188870,0.0,0.0,0.0,0.0,0.0,0.0,0.0,0.0,0.0,0.0
78521_GSM2072100_SRR3188871,0.0,0.0,0.0,0.0,0.0,0.0,0.0,0.0,0.0,0.0
78521_GSM2072100_SRR3188872,0.0,0.0,0.0,0.0,0.0,0.0,0.0,0.0,0.0,0.0
78521_GSM2072100_SRR3188873,0.0,0.0,0.0,0.0,0.0,0.0,0.0,0.0,0.0,0.0
78521_GSM2072101_SRR3188874,0.0,0.0,0.0,0.0,0.0,0.0,0.0,0.0,0.0,0.0
78521_GSM2072101_SRR3188875,0.0,0.0,0.0,0.0,0.0,0.0,0.0,0.0,0.0,0.0
78521_GSM2072101_SRR3188876,0.0,0.0,0.0,0.0,0.0,0.0,0.0,0.0,0.0,0.0
78521_GSM2072101_SRR3188877,0.0,0.0,0.0,0.0,0.0,0.0,0.0,0.0,0.0,0.0
78521_GSM2072102_SRR3188878,0.0,0.0,0.0,0.0,0.0,0.0,0.0,0.0,0.0,0.0
78521_GSM2072102_SRR3188879,0.0,0.0,0.0,0.0,0.0,0.0,0.0,0.0,0.0,0.0
78521_GSM2072102_SRR3188880,0.0,0.0,0.0,0.0,0.0,0.0,0.0,0.0,0.0,0.0
78521_GSM2072102_SRR3188881,0.0,0.0,0.0,0.0,0.0,0.0,0.0,0.0,0.0,0.0
78521_GSM2072103_SRR3188882,0.0,0.0,0.0,0.0,0.0,0.0,0.0,0.0,0.0,0.0
78521_GSM2072103_SRR3188883,0.0,0.0,0.0,0.0,0.0,0.0,0.0,0.0,0.0,0.0
78521_GSM2072103_SRR3188884,0.0,0.0,0.0,0.0,0.0,0.0,0.0,0.0,0.0,0.0
78521_GSM2072103_SRR3188885,0.0,0.0,0.0,0.0,0.0,0.0,0.0,0.0,0.0,0.0
78521_GSM2072104_SRR3188886,0.0,0.0,0.0,0.0,0.0,0.0,0.0,0.0,0.0,0.0
78521_GSM2072104_SRR3188887,0.0,0.0,0.0,0.0,0.0,0.0,0.0,0.0,0.0,0.0
78521_GSM2072104_SRR3188888,0.0,0.0,0.0,0.0,0.0,0.0,0.0,0.0,0.0,0.0
78521_GSM2072104_SRR3188889,0.0,0.0,0.0,0.0,0.0,0.0,0.0,0.0,0.0,0.0
78521_GSM2072105_SRR3188890,0.0,0.0,0.0,0.0,0.0,0.0,0.0,0.0,0.0,0.0
78521_GSM2072105_SRR3188891,0.0,0.0,0.0,0.0,0.0,0.0,0.0,0.0,0.0,0.0
78521_GSM2072105_SRR3188892,0.0,0.0,0.0,0.0,0.0,0.0,0.0,0.0,0.0,0.0
78521_GSM2072105_SRR3188893,0.0,0.0,0.0,0.0,0.0,0.0,0.0,0.0,0.0,0.0
78521_GSM2072106_SRR3188894,0.0,0.0,0.0,0.0,0.0,0.0,0.0,0.0,0.0,0.0
78521_GSM2072106_SRR3188895,0.0,0.0,0.0,0.0,0.0,1.0,0.0,0.0,0.0,0.0
78521_GSM2072106_SRR3188896,0.0,0.0,0.0,0.0,1.0,1.0,0.0,0.0,0.0,0.0
78521_GSM2072106_SRR3188897,0.0,0.0,0.0,0.0,1.0,1.0,0.0,0.0,0.0,0.0
78521_GSM2072107_SRR3188898,0.0,0.0,0.0,0.0,1.0,0.0,0.0,0.0,0.0,0.0
78521_GSM2072107_SRR3188899,0.0,0.0,0.0,0.0,1.0,0.0,0.0,0.0,0.0,0.0
78521_GSM2072107_SRR3188900,0.0,0.0,0.0,0.0,1.0,0.0,0.0,0.0,0.0,0.0
78521_GSM2072107_SRR3188901,0.0,0.0,0.0,0.0,1.0,0.0,0.0,0.0,0.0,0.0
78521_GSM2072108_SRR3188902,0.0,0.0,0.0,0.0,0.0,0.0,0.0,0.0,0.0,0.0
78521_GSM2072108_SRR3188903,0.0,0.0,0.0,0.0,0.0,0.0,0.0,0.0,0.0,0.0
78521_GSM2072108_SRR3188904,0.0,0.0,0.0,0.0,0.0,0.0,0.0,0.0,0.0,0.0
78521_GSM2072108_SRR3188905,0.0,0.0,0.0,0.0,0.0,0.0,0.0,0.0,0.0,0.0
78521_GSM2072109_SRR3188906,0.0,0.0,0.0,0.0,0.0,0.0,0.0,0.0,0.0,0.0
78521_GSM2072109_SRR3188907,0.0,0.0,0.0,0.0,0.0,0.0,0.0,0.0,0.0,0.0
78521_GSM2072109_SRR3188908,0.0,0.0,0.0,0.0,0.0,0.0,0.0,0.0,0.0,0.0
78521_GSM2072109_SRR3188909,0.0,0.0,0.0,0.0,0.0,0.0,0.0,0.0,0.0,0.0
78521_GSM2072110_SRR3188910,0.0,0.0,0.0,0.0,0.0,0.0,0.0,0.0,0.0,0.0
78521_GSM2072110_SRR3188911,0.0,0.0,0.0,0.0,0.0,0.0,0.0,0.0,0.0,0.0
78521_GSM2072110_SRR3188912,0.0,0.0,0.0,0.0,0.0,0.0,0.0,0.0,0.0,0.0
78521_GSM2072110_SRR3188913,0.0,0.0,0.0,0.0,0.0,0.0,0.0,0.0,0.0,0.0
78521_GSM2072111_SRR3188914,0.0,0.0,0.0,0.0,0.0,0.0,0.0,0.0,0.0,0.0
78521_GSM2072111_SRR3188915,0.0,0.0,0.0,0.0,0.0,0.0,0.0,0.0,0.0,0.0
78521_GSM2072111_SRR3188916,0.0,0.0,0.0,0.0,0.0,0.0,0.0,0.0,0.0,0.0
78521_GSM2072111_SRR3188917,0.0,0.0,0.0,0.0,0.0,0.0,0.0,0.0,0.0,0.0
78521_GSM2072112_SRR3188918,0.0,0.0,0.0,0.0,0.0,0.0,0.0,0.0,0.0,0.0
78521_GSM2072112_SRR3188919,0.0,0.0,0.0,0.0,0.0,0.0,0.0,0.0,0.0,0.0
78521_GSM2072112_SRR3188920,0.0,0.0,0.0,0.0,0.0,0.0,0.0,0.0,0.0,0.0
78521_GSM2072112_SRR3188921,0.0,0.0,0.0,0.0,0.0,0.0,0.0,0.0,0.0,0.0
78521_GSM2072113_SRR3188922,0.0,0.0,0.0,0.0,0.0,0.0,0.0,0.0,0.0,0.0
78521_GSM2072113_SRR3188923,0.0,0.0,0.0,0.0,0.0,0.0,0.0,0.0,0.0,0.0
78521_GSM2072113_SRR3188924,0.0,0.0,0.0,0.0,0.0,0.0,0.0,0.0,0.0,0.0
78521_GSM2072113_SRR3188925,0.0,0.0,0.0,0.0,0.0,0.0,0.0,0.0,0.0,0.0
78521_GSM2072114_SRR3188926,0.0,0.0,0.0,0.0,1.0,0.0,0.0,0.0,0.0,0.0
78521_GSM2072114_SRR3188927,0.0,0.0,0.0,0.0,1.0,0.0,0.0,0.0,0.0,0.0
78521_GSM2072114_SRR3188928,0.0,0.0,0.0,0.0,1.0,1.0,0.0,0.0,0.0,0.0
78521_GSM2072114_SRR3188929,0.0,0.0,0.0,0.0,1.0,0.0,0.0,0.0,0.0,0.0
78521_GSM2072116_SRR3188934,0.0,0.0,0.0,0.0,0.0,0.0,0.0,0.0,0.0,0.0
78521_GSM2072116_SRR3188935,0.0,0.0,0.0,0.0,0.0,0.0,0.0,0.0,0.0,0.0
78521_GSM2072116_SRR3188936,0.0,0.0,0.0,0.0,0.0,0.0,0.0,0.0,0.0,0.0
78521_GSM2072116_SRR3188937,0.0,0.0,0.0,0.0,0.0,0.0,0.0,0.0,0.0,0.0
78521_GSM2072117_SRR3188938,0.0,0.0,0.0,0.0,0.0,0.0,0.0,0.0,0.0,0.0
78521_GSM2072117_SRR3188939,0.0,0.0,0.0,0.0,0.0,0.0,0.0,0.0,0.0,0.0
78521_GSM2072117_SRR3188940,0.0,0.0,0.0,0.0,0.0,0.0,0.0,0.0,0.0,0.0
78521_GSM2072117_SRR3188941,0.0,0.0,0.0,0.0,0.0,0.0,0.0,0.0,0.0,0.0
78521_GSM2072120_SRR3188950,0.0,0.0,0.0,0.0,0.0,0.0,0.0,0.0,0.0,0.0
78521_GSM2072120_SRR3188951,0.0,0.0,0.0,0.0,0.0,0.0,0.0,0.0,0.0,0.0
78521_GSM2072120_SRR3188952,0.0,0.0,0.0,0.0,0.0,0.0,0.0,0.0,0.0,0.0
78521_GSM2072120_SRR3188953,0.0,0.0,0.0,0.0,0.0,0.0,0.0,0.0,0.0,0.0
78521_GSM2072121_SRR3188954,0.0,0.0,0.0,0.0,0.0,0.0,0.0,0.0,0.0,0.0
78521_GSM2072121_SRR3188955,0.0,0.0,0.0,0.0,0.0,0.0,0.0,0.0,0.0,0.0
78521_GSM2072121_SRR3188956,0.0,0.0,0.0,0.0,0.0,0.0,0.0,0.0,0.0,0.0
78521_GSM2072121_SRR3188957,0.0,0.0,0.0,0.0,0.0,0.0,0.0,0.0,0.0,0.0
78521_GSM2072122_SRR3188958,0.0,0.0,0.0,0.0,0.0,0.0,0.0,0.0,0.0,0.0
78521_GSM2072122_SRR3188959,0.0,0.0,0.0,0.0,0.0,0.0,0.0,0.0,0.0,0.0
78521_GSM2072122_SRR3188960,0.0,0.0,0.0,0.0,0.0,0.0,0.0,0.0,0.0,0.0
78521_GSM2072122_SRR3188961,0.0,0.0,0.0,0.0,0.0,0.0,0.0,0.0,0.0,0.0
78521_GSM2072123_SRR3188962,0.0,0.0,0.0,0.0,0.0,0.0,0.0,0.0,0.0,0.0
78521_GSM2072123_SRR3188963,0.0,0.0,0.0,0.0,0.0,0.0,0.0,0.0,0.0,0.0
78521_GSM2072123_SRR3188964,0.0,0.0,0.0,0.0,0.0,0.0,0.0,0.0,0.0,0.0
78521_GSM2072123_SRR3188965,0.0,0.0,0.0,0.0,0.0,0.0,0.0,0.0,0.0,0.0
78521_GSM2072124_SRR3188966,0.0,0.0,0.0,0.0,1.0,0.0,0.0,0.0,0.0,0.0
78521_GSM2072124_SRR3188967,0.0,0.0,0.0,0.0,1.0,0.0,0.0,0.0,0.0,0.0
78521_GSM2072124_SRR3188968,0.0,0.0,0.0,0.0,1.0,0.0,0.0,0.0,0.0,0.0
78521_GSM2072124_SRR3188969,0.0,0.0,0.0,0.0,1.0,0.0,0.0,0.0,0.0,0.0
78521_GSM2072125_SRR3188970,0.0,0.0,0.0,0.0,0.0,0.0,0.0,0.0,0.0,0.0
78521_GSM2072125_SRR3188971,0.0,0.0,0.0,0.0,0.0,0.0,0.0,0.0,0.0,0.0
78521_GSM2072125_SRR3188972,0.0,0.0,0.0,0.0,0.0,0.0,0.0,0.0,0.0,0.0
78521_GSM2072125_SRR3188973,0.0,0.0,0.0,0.0,0.0,0.0,0.0,0.0,0.0,0.0
78521_GSM2072126_SRR3188974,0.0,0.0,0.0,0.0,0.0,0.0,0.0,0.0,0.0,0.0
78521_GSM2072126_SRR3188975,0.0,0.0,0.0,0.0,0.0,0.0,0.0,0.0,0.0,0.0
78521_GSM2072126_SRR3188976,0.0,0.0,0.0,0.0,0.0,0.0,0.0,0.0,0.0,0.0
78521_GSM2072126_SRR3188977,0.0,0.0,0.0,0.0,0.0,0.0,0.0,0.0,0.0,0.0
78521_GSM2072127_SRR3188978,0.0,0.0,0.0,0.0,0.0,0.0,0.0,0.0,0.0,0.0
78521_GSM2072127_SRR3188979,0.0,0.0,0.0,0.0,0.0,0.0,0.0,0.0,0.0,0.0
78521_GSM2072127_SRR3188980,0.0,0.0,0.0,0.0,0.0,0.0,0.0,0.0,0.0,0.0
78521_GSM2072127_SRR3188981,0.0,0.0,0.0,0.0,0.0,0.0,0.0,0.0,0.0,0.0
78521_GSM2072128_SRR3188982,0.0,0.0,0.0,0.0,1.0,0.0,0.0,0.0,0.0,0.0
78521_GSM2072128_SRR3188983,0.0,0.0,0.0,0.0,1.0,0.0,0.0,0.0,0.0,0.0
78521_GSM2072128_SRR3188984,0.0,0.0,0.0,0.0,1.0,0.0,0.0,0.0,0.0,0.0
78521_GSM2072128_SRR3188985,0.0,0.0,0.0,0.0,1.0,0.0,0.0,0.0,0.0,0.0
78521_GSM2072129_SRR3188986,0.0,0.0,0.0,0.0,0.0,1.0,0.0,0.0,0.0,0.0
78521_GSM2072129_SRR3188987,0.0,0.0,0.0,0.0,0.0,1.0,0.0,0.0,0.0,0.0
78521_GSM2072129_SRR3188988,0.0,0.0,0.0,0.0,0.0,1.0,0.0,0.0,0.0,0.0
78521_GSM2072129_SRR3188989,0.0,0.0,0.0,0.0,0.0,0.0,0.0,0.0,0.0,0.0
78521_GSM2072130_SRR3188990,0.0,0.0,0.0,0.0,0.0,0.0,0.0,0.0,0.0,0.0
78521_GSM2072130_SRR3188991,0.0,0.0,0.0,0.0,0.0,0.0,0.0,0.0,0.0,0.0
78521_GSM2072130_SRR3188992,0.0,0.0,0.0,0.0,0.0,0.0,0.0,0.0,0.0,0.0
78521_GSM2072130_SRR3188993,0.0,0.0,0.0,0.0,0.0,0.0,0.0,0.0,0.0,0.0
78521_GSM2072131_SRR3188994,0.0,0.0,0.0,0.0,0.0,0.0,0.0,0.0,0.0,0.0
78521_GSM2072131_SRR3188995,0.0,0.0,0.0,0.0,0.0,0.0,0.0,0.0,0.0,0.0
78521_GSM2072131_SRR3188996,0.0,0.0,0.0,0.0,0.0,0.0,0.0,0.0,0.0,0.0
78521_GSM2072131_SRR3188997,0.0,0.0,0.0,0.0,0.0,0.0,0.0,0.0,0.0,0.0
78521_GSM2072132_SRR3188998,0.0,0.0,0.0,0.0,0.0,0.0,0.0,0.0,0.0,0.0
78521_GSM2072132_SRR3188999,0.0,0.0,0.0,0.0,0.0,0.0,0.0,0.0,0.0,0.0
78521_GSM2072132_SRR3189000,0.0,0.0,0.0,0.0,0.0,0.0,0.0,0.0,0.0,0.0
78521_GSM2072132_SRR3189001,0.0,0.0,0.0,0.0,0.0,0.0,0.0,0.0,0.0,0.0
78521_GSM2072134_SRR3189006,0.0,0.0,0.0,0.0,1.0,1.0,0.0,0.0,0.0,0.0
78521_GSM2072134_SRR3189007,0.0,0.0,0.0,0.0,1.0,1.0,0.0,0.0,0.0,0.0
78521_GSM2072134_SRR3189008,0.0,0.0,0.0,0.0,1.0,1.0,0.0,0.0,0.0,0.0
78521_GSM2072134_SRR3189009,0.0,0.0,0.0,0.0,1.0,1.0,0.0,0.0,0.0,0.0
78521_GSM2072136_SRR3189014,0.0,0.0,0.0,0.0,0.0,0.0,0.0,0.0,0.0,0.0
78521_GSM2072136_SRR3189015,0.0,0.0,0.0,0.0,0.0,0.0,0.0,0.0,0.0,0.0
78521_GSM2072136_SRR3189016,0.0,0.0,0.0,0.0,0.0,0.0,0.0,0.0,0.0,0.0
78521_GSM2072136_SRR3189017,0.0,0.0,0.0,0.0,0.0,0.0,0.0,0.0,0.0,0.0
78521_GSM2072137_SRR3189018,0.0,0.0,0.0,0.0,0.0,0.0,0.0,0.0,0.0,0.0
78521_GSM2072137_SRR3189019,0.0,0.0,0.0,0.0,0.0,0.0,0.0,0.0,0.0,0.0
78521_GSM2072137_SRR3189020,0.0,0.0,0.0,0.0,0.0,0.0,0.0,0.0,0.0,0.0
78521_GSM2072137_SRR3189021,0.0,0.0,0.0,0.0,0.0,0.0,0.0,0.0,0.0,0.0
78521_GSM2072138_SRR3189022,0.0,0.0,0.0,0.0,0.0,0.0,0.0,0.0,0.0,0.0
78521_GSM2072138_SRR3189023,0.0,0.0,0.0,0.0,0.0,0.0,0.0,0.0,0.0,0.0
78521_GSM2072138_SRR3189024,0.0,0.0,0.0,0.0,0.0,0.0,0.0,0.0,0.0,0.0
78521_GSM2072138_SRR3189025,0.0,0.0,0.0,0.0,0.0,0.0,0.0,0.0,0.0,0.0
78521_GSM2072140_SRR3189030,0.0,0.0,0.0,0.0,0.0,1.0,0.0,0.0,0.0,0.0
78521_GSM2072140_SRR3189031,0.0,0.0,0.0,0.0,0.0,1.0,0.0,0.0,0.0,0.0
78521_GSM2072140_SRR3189032,0.0,0.0,0.0,0.0,0.0,1.0,0.0,0.0,0.0,0.0
78521_GSM2072140_SRR3189033,0.0,0.0,0.0,0.0,0.0,1.0,0.0,0.0,0.0,0.0
78521_GSM2072142_SRR3189038,0.0,0.0,0.0,0.0,1.0,0.0,0.0,0.0,0.0,0.0
78521_GSM2072142_SRR3189039,0.0,0.0,0.0,0.0,1.0,0.0,0.0,0.0,0.0,0.0
78521_GSM2072142_SRR3189040,0.0,0.0,0.0,0.0,1.0,0.0,0.0,0.0,0.0,0.0
78521_GSM2072142_SRR3189041,0.0,0.0,0.0,0.0,1.0,0.0,0.0,0.0,0.0,0.0
78521_GSM2072143_SRR3189042,0.0,0.0,0.0,0.0,1.0,1.0,0.0,0.0,0.0,0.0
78521_GSM2072143_SRR3189043,0.0,0.0,0.0,0.0,1.0,1.0,0.0,0.0,0.0,0.0
78521_GSM2072143_SRR3189044,0.0,0.0,0.0,0.0,1.0,1.0,0.0,0.0,0.0,0.0
78521_GSM2072143_SRR3189045,0.0,0.0,0.0,0.0,1.0,1.0,0.0,0.0,0.0,0.0
78521_GSM2072144_SRR3189046,0.0,0.0,0.0,0.0,1.0,0.0,0.0,0.0,0.0,0.0
78521_GSM2072144_SRR3189047,0.0,0.0,0.0,0.0,1.0,0.0,0.0,0.0,0.0,0.0
78521_GSM2072144_SRR3189048,0.0,0.0,0.0,0.0,1.0,0.0,0.0,0.0,0.0,0.0
78521_GSM2072144_SRR3189049,0.0,0.0,0.0,0.0,1.0,0.0,0.0,0.0,0.0,0.0
78521_GSM2072145_SRR3189050,0.0,0.0,0.0,0.0,0.0,0.0,0.0,0.0,0.0,0.0
78521_GSM2072145_SRR3189051,0.0,0.0,0.0,0.0,0.0,0.0,0.0,0.0,0.0,0.0
78521_GSM2072145_SRR3189052,0.0,0.0,0.0,0.0,0.0,0.0,0.0,0.0,0.0,0.0
78521_GSM2072145_SRR3189053,0.0,0.0,0.0,0.0,0.0,0.0,0.0,0.0,0.0,0.0
78521_GSM2072146_SRR3189054,0.0,0.0,0.0,0.0,1.0,0.0,0.0,0.0,0.0,0.0
78521_GSM2072146_SRR3189055,0.0,0.0,0.0,0.0,1.0,0.0,0.0,0.0,0.0,0.0
78521_GSM2072146_SRR3189056,0.0,0.0,0.0,0.0,1.0,0.0,0.0,0.0,0.0,0.0
78521_GSM2072146_SRR3189057,0.0,0.0,0.0,0.0,1.0,0.0,0.0,0.0,0.0,0.0
78521_GSM2072147_SRR3189058,0.0,0.0,0.0,0.0,0.0,0.0,0.0,0.0,0.0,0.0
78521_GSM2072147_SRR3189059,0.0,0.0,0.0,0.0,0.0,0.0,0.0,0.0,0.0,0.0
78521_GSM2072147_SRR3189060,0.0,0.0,0.0,0.0,0.0,0.0,0.0,0.0,0.0,0.0
78521_GSM2072147_SRR3189061,0.0,0.0,0.0,0.0,0.0,0.0,0.0,0.0,0.0,0.0
78521_GSM2072148_SRR3189062,0.0,0.0,0.0,0.0,0.0,0.0,0.0,0.0,0.0,0.0
78521_GSM2072148_SRR3189063,0.0,0.0,0.0,0.0,0.0,0.0,0.0,0.0,0.0,0.0
78521_GSM2072148_SRR3189064,0.0,0.0,0.0,0.0,0.0,0.0,0.0,0.0,0.0,0.0
78521_GSM2072148_SRR3189065,0.0,0.0,0.0,0.0,0.0,0.0,0.0,0.0,0.0,0.0
78521_GSM2072149_SRR3189066,0.0,0.0,0.0,0.0,0.0,0.0,0.0,0.0,0.0,0.0
78521_GSM2072149_SRR3189067,0.0,0.0,0.0,0.0,0.0,0.0,0.0,0.0,0.0,0.0
78521_GSM2072149_SRR3189068,0.0,0.0,0.0,0.0,0.0,0.0,0.0,0.0,0.0,0.0
78521_GSM2072149_SRR3189069,0.0,0.0,0.0,0.0,0.0,1.0,0.0,0.0,0.0,0.0
78521_GSM2072151_SRR3189074,0.0,0.0,0.0,0.0,0.0,0.0,0.0,0.0,0.0,0.0
78521_GSM2072151_SRR3189075,0.0,0.0,0.0,0.0,0.0,0.0,0.0,0.0,0.0,0.0
78521_GSM2072151_SRR3189076,0.0,0.0,0.0,0.0,0.0,0.0,0.0,0.0,0.0,0.0
78521_GSM2072151_SRR3189077,0.0,0.0,0.0,0.0,0.0,0.0,0.0,0.0,0.0,0.0
78521_GSM2072152_SRR3189078,0.0,0.0,0.0,0.0,0.0,1.0,0.0,0.0,0.0,0.0
78521_GSM2072152_SRR3189079,0.0,0.0,0.0,0.0,0.0,1.0,0.0,0.0,0.0,0.0
78521_GSM2072152_SRR3189080,0.0,0.0,0.0,0.0,0.0,1.0,0.0,0.0,0.0,0.0
78521_GSM2072152_SRR3189081,0.0,0.0,0.0,0.0,0.0,1.0,0.0,0.0,0.0,0.0
78521_GSM2072153_SRR3189082,0.0,0.0,0.0,0.0,0.0,1.0,0.0,0.0,0.0,0.0
78521_GSM2072153_SRR3189083,0.0,0.0,0.0,0.0,0.0,0.0,0.0,0.0,0.0,0.0
78521_GSM2072153_SRR3189084,0.0,0.0,0.0,0.0,0.0,0.0,0.0,0.0,0.0,0.0
78521_GSM2072153_SRR3189085,0.0,0.0,0.0,0.0,0.0,0.0,0.0,0.0,0.0,0.0
78521_GSM2072154_SRR3189086,0.0,0.0,0.0,0.0,0.0,0.0,0.0,0.0,0.0,0.0
78521_GSM2072154_SRR3189087,0.0,0.0,0.0,0.0,0.0,0.0,0.0,0.0,0.0,0.0
78521_GSM2072154_SRR3189088,0.0,0.0,0.0,0.0,0.0,0.0,0.0,0.0,0.0,0.0
78521_GSM2072154_SRR3189089,0.0,0.0,0.0,0.0,0.0,0.0,0.0,0.0,0.0,0.0
78521_GSM2072155_SRR3189090,0.0,0.0,0.0,0.0,0.0,0.0,0.0,0.0,0.0,0.0
78521_GSM2072155_SRR3189091,0.0,0.0,0.0,0.0,0.0,0.0,0.0,0.0,0.0,0.0
78521_GSM2072155_SRR3189092,0.0,0.0,0.0,0.0,0.0,0.0,0.0,0.0,0.0,0.0
78521_GSM2072155_SRR3189093,0.0,0.0,0.0,0.0,0.0,0.0,0.0,0.0,0.0,0.0
78521_GSM2072156_SRR3189094,0.0,0.0,0.0,0.0,0.0,0.0,0.0,0.0,0.0,0.0
78521_GSM2072156_SRR3189095,0.0,0.0,0.0,0.0,0.0,0.0,0.0,0.0,0.0,0.0
78521_GSM2072156_SRR3189096,0.0,0.0,0.0,0.0,0.0,0.0,0.0,0.0,0.0,0.0
78521_GSM2072156_SRR3189097,0.0,0.0,0.0,0.0,0.0,0.0,0.0,0.0,0.0,0.0
78521_GSM2072157_SRR3189098,0.0,0.0,0.0,0.0,0.0,0.0,0.0,0.0,0.0,0.0
78521_GSM2072157_SRR3189099,0.0,0.0,0.0,0.0,0.0,0.0,0.0,0.0,0.0,0.0
78521_GSM2072157_SRR3189100,0.0,0.0,0.0,0.0,0.0,0.0,0.0,0.0,0.0,0.0
78521_GSM2072157_SRR3189101,0.0,0.0,0.0,0.0,0.0,0.0,0.0,0.0,0.0,0.0
78521_GSM2072158_SRR3189102,0.0,0.0,0.0,0.0,0.0,0.0,0.0,0.0,0.0,0.0
78521_GSM2072158_SRR3189103,0.0,0.0,0.0,0.0,0.0,0.0,0.0,0.0,0.0,0.0
78521_GSM2072158_SRR3189104,0.0,0.0,0.0,0.0,0.0,0.0,0.0,0.0,0.0,0.0
78521_GSM2072158_SRR3189105,0.0,0.0,0.0,0.0,0.0,0.0,0.0,0.0,0.0,0.0
79108_GSM2085880_SRR3222299,0.0,0.0,0.0,0.0,1.0,2.0,0.0,0.0,0.0,0.0
79108_GSM2085881_SRR3222300,0.0,0.0,0.0,0.0,1.0,1.0,0.0,0.0,0.0,0.0
79108_GSM2085882_SRR3222301,0.0,0.0,0.0,0.0,1.0,2.0,0.0,0.0,0.0,0.0
79108_GSM2085883_SRR3222302,0.0,0.0,0.0,0.0,2.0,1.0,0.0,0.0,0.0,0.0
79108_GSM2085884_SRR3222303,0.0,0.0,0.0,0.0,2.0,1.0,0.0,0.0,0.0,0.0
79108_GSM2085885_SRR3222304,0.0,0.0,0.0,0.0,2.0,3.0,0.0,0.0,0.0,0.0
79108_GSM2085886_SRR3222305,0.0,0.0,0.0,0.0,2.0,2.0,0.0,0.0,0.0,0.0
79108_GSM2085887_SRR3222306,0.0,0.0,0.0,0.0,1.0,2.0,0.0,0.0,0.0,0.0
79108_GSM2085888_SRR3222307,0.0,0.0,0.0,0.0,2.0,3.0,0.0,0.0,0.0,0.0
79108_GSM2085889_SRR3222308,0.0,0.0,0.0,0.0,0.0,1.0,0.0,0.0,0.0,0.0
79108_GSM2085890_SRR3222309,0.0,0.0,0.0,0.0,1.0,1.0,0.0,0.0,0.0,0.0
79108_GSM2085891_SRR3222310,0.0,0.0,0.0,0.0,1.0,1.0,0.0,0.0,0.0,0.0
79108_GSM2085892_SRR3222311,0.0,0.0,0.0,0.0,0.0,1.0,0.0,0.0,0.0,0.0
79108_GSM2085893_SRR3222312,0.0,0.0,0.0,0.0,2.0,1.0,0.0,0.0,0.0,0.0
79108_GSM2085894_SRR3222313,0.0,0.0,0.0,0.0,2.0,2.0,0.0,0.0,0.0,0.0
79108_GSM2085895_SRR3222314,0.0,0.0,0.0,0.0,1.0,1.0,0.0,0.0,0.0,0.0
79108_GSM2085896_SRR3222315,0.0,0.0,0.0,0.0,1.0,0.0,0.0,0.0,0.0,0.0
79108_GSM2085897_SRR3222316,0.0,0.0,0.0,0.0,1.0,1.0,0.0,0.0,0.0,0.0
79108_GSM2085898_SRR3222317,0.0,0.0,0.0,0.0,1.0,1.0,0.0,0.0,0.0,0.0
79108_GSM2085899_SRR3222318,0.0,0.0,0.0,0.0,1.0,0.0,0.0,0.0,0.0,0.0
79108_GSM2085900_SRR3222319,0.0,0.0,0.0,0.0,3.0,1.0,0.0,0.0,0.0,0.0
79108_GSM2085901_SRR3222320,0.0,0.0,0.0,0.0,2.0,1.0,0.0,0.0,0.0,0.0
79108_GSM2085902_SRR3222321,0.0,0.0,0.0,0.0,2.0,1.0,0.0,0.0,0.0,0.0
79108_GSM2085904_SRR3222323,0.0,0.0,0.0,0.0,1.0,1.0,0.0,0.0,0.0,0.0
79108_GSM2085905_SRR3222324,0.0,0.0,0.0,0.0,2.0,2.0,0.0,0.0,0.0,0.0
79108_GSM2085906_SRR3222325,0.0,0.0,0.0,0.0,1.0,1.0,0.0,0.0,0.0,0.0
79108_GSM2085907_SRR3222326,0.0,0.0,0.0,0.0,1.0,2.0,0.0,0.0,0.0,0.0
79108_GSM2085908_SRR3222327,0.0,0.0,0.0,0.0,0.0,0.0,0.0,0.0,0.0,0.0
79108_GSM2085909_SRR3222328,0.0,0.0,0.0,0.0,1.0,0.0,0.0,0.0,0.0,0.0
79108_GSM2085910_SRR3222329,0.0,0.0,0.0,0.0,2.0,1.0,0.0,0.0,0.0,0.0
79108_GSM2085911_SRR3222330,0.0,0.0,0.0,0.0,4.0,1.0,0.0,0.0,0.0,0.0
79108_GSM2085912_SRR3222331,0.0,0.0,0.0,0.0,2.0,1.0,0.0,0.0,0.0,0.0
79108_GSM2085913_SRR3222332,0.0,0.0,0.0,0.0,2.0,1.0,0.0,0.0,0.0,0.0
79108_GSM2085914_SRR3222333,0.0,0.0,0.0,0.0,1.0,1.0,0.0,0.0,0.0,0.0
79108_GSM2085915_SRR3222334,0.0,0.0,0.0,0.0,1.0,1.0,0.0,0.0,0.0,0.0
79108_GSM2085916_SRR3222335,0.0,0.0,0.0,0.0,4.0,2.0,0.0,0.0,0.0,0.0
79108_GSM2085917_SRR3222336,0.0,0.0,0.0,0.0,0.0,0.0,0.0,0.0,0.0,0.0
79108_GSM2085918_SRR3222337,0.0,0.0,0.0,0.0,3.0,1.0,0.0,0.0,0.0,0.0
79108_GSM2085919_SRR3222338,0.0,0.0,0.0,0.0,3.0,0.0,0.0,0.0,0.0,0.0
79108_GSM2085920_SRR3222339,0.0,0.0,0.0,0.0,2.0,1.0,0.0,0.0,0.0,0.0
79108_GSM2085921_SRR3222340,0.0,0.0,0.0,0.0,2.0,0.0,0.0,0.0,0.0,0.0
79108_GSM2085922_SRR3222341,0.0,0.0,0.0,0.0,0.0,0.0,0.0,0.0,0.0,0.0
79108_GSM2085923_SRR3222342,0.0,0.0,0.0,0.0,2.0,0.0,0.0,0.0,0.0,0.0
79108_GSM2085924_SRR3222343,0.0,0.0,0.0,0.0,1.0,1.0,0.0,0.0,0.0,0.0
79108_GSM2085925_SRR3222344,0.0,0.0,0.0,0.0,1.0,1.0,0.0,0.0,0.0,0.0
79108_GSM2085926_SRR3222345,0.0,0.0,0.0,0.0,1.0,1.0,0.0,0.0,0.0,0.0
79108_GSM2085927_SRR3222346,0.0,0.0,0.0,0.0,1.0,0.0,0.0,0.0,0.0,0.0
79108_GSM2085928_SRR3222347,0.0,0.0,0.0,0.0,4.0,2.0,0.0,0.0,0.0,0.0
79108_GSM2085929_SRR3222348,0.0,0.0,0.0,0.0,2.0,1.0,0.0,0.0,0.0,0.0
79108_GSM2085930_SRR3222349,0.0,0.0,0.0,0.0,1.0,1.0,0.0,0.0,0.0,0.0
79108_GSM2085931_SRR3222350,0.0,0.0,0.0,0.0,4.0,2.0,0.0,0.0,0.0,0.0
79108_GSM2085932_SRR3222351,0.0,0.0,0.0,0.0,1.0,1.0,0.0,0.0,0.0,0.0
79108_GSM2085933_SRR3222352,0.0,0.0,0.0,0.0,1.0,2.0,0.0,0.0,0.0,0.0
79108_GSM2085934_SRR3222353,0.0,0.0,0.0,0.0,2.0,1.0,0.0,0.0,0.0,0.0
79108_GSM2085935_SRR3222354,0.0,0.0,0.0,0.0,3.0,2.0,0.0,0.0,0.0,0.0
79108_GSM2085936_SRR3222355,0.0,0.0,0.0,0.0,3.0,2.0,0.0,0.0,0.0,0.0
79108_GSM2085937_SRR3222356,0.0,0.0,0.0,0.0,3.0,1.0,0.0,0.0,0.0,0.0
79108_GSM2085938_SRR3222357,0.0,0.0,0.0,0.0,2.0,0.0,0.0,0.0,0.0,0.0
79108_GSM2085939_SRR3222358,0.0,0.0,0.0,0.0,1.0,1.0,0.0,0.0,0.0,0.0
79108_GSM2085940_SRR3222359,0.0,0.0,0.0,0.0,3.0,2.0,0.0,0.0,0.0,0.0
79108_GSM2085941_SRR3222360,0.0,0.0,0.0,0.0,2.0,1.0,0.0,0.0,0.0,0.0
79108_GSM2085942_SRR3222361,0.0,0.0,0.0,0.0,2.0,1.0,0.0,0.0,0.0,0.0
79108_GSM2085943_SRR3222362,0.0,0.0,0.0,0.0,2.0,1.0,0.0,0.0,0.0,0.0
79108_GSM2085944_SRR3222363,0.0,0.0,0.0,0.0,3.0,0.0,0.0,0.0,0.0,0.0
79108_GSM2085945_SRR3222364,0.0,0.0,0.0,0.0,1.0,1.0,0.0,0.0,0.0,0.0
79108_GSM2085946_SRR3222365,0.0,0.0,0.0,0.0,3.0,1.0,0.0,0.0,0.0,0.0
79108_GSM2085947_SRR3222366,0.0,0.0,0.0,0.0,1.0,0.0,0.0,0.0,0.0,0.0
79108_GSM2085948_SRR3222367,0.0,0.0,0.0,0.0,3.0,2.0,0.0,0.0,0.0,0.0
79108_GSM2085949_SRR3222368,0.0,0.0,0.0,0.0,2.0,1.0,0.0,0.0,0.0,0.0
79108_GSM2085950_SRR3222369,0.0,0.0,0.0,0.0,3.0,2.0,0.0,0.0,0.0,0.0
79108_GSM2085951_SRR3222370,0.0,0.0,0.0,0.0,1.0,1.0,0.0,0.0,0.0,0.0
79108_GSM2085952_SRR3222371,0.0,0.0,0.0,0.0,0.0,0.0,0.0,0.0,0.0,0.0
79108_GSM2085953_SRR3222372,0.0,0.0,0.0,0.0,3.0,2.0,0.0,0.0,0.0,0.0
79108_GSM2085954_SRR3222373,0.0,0.0,0.0,0.0,1.0,1.0,0.0,0.0,0.0,0.0
79108_GSM2085955_SRR3222374,0.0,0.0,0.0,0.0,2.0,1.0,0.0,0.0,0.0,0.0
79108_GSM2085956_SRR3222375,0.0,0.0,0.0,0.0,2.0,3.0,0.0,0.0,0.0,0.0
79108_GSM2085957_SRR3222376,0.0,0.0,0.0,0.0,2.0,3.0,0.0,0.0,0.0,0.0
79108_GSM2085958_SRR3222377,0.0,0.0,0.0,0.0,2.0,2.0,0.0,0.0,0.0,0.0
79108_GSM2085959_SRR3222378,0.0,0.0,0.0,0.0,1.0,2.0,0.0,0.0,0.0,0.0
79108_GSM2085960_SRR3222379,0.0,0.0,0.0,0.0,1.0,2.0,0.0,0.0,0.0,0.0
79108_GSM2085961_SRR3222380,0.0,0.0,0.0,0.0,1.0,3.0,0.0,0.0,0.0,0.0
79108_GSM2085962_SRR3222381,0.0,0.0,0.0,0.0,2.0,2.0,0.0,0.0,0.0,0.0
79108_GSM2085963_SRR3222382,0.0,0.0,0.0,0.0,2.0,3.0,0.0,0.0,0.0,0.0
79374_GSM2093559_SRR3236196,0.0,0.0,0.0,1.0,0.0,0.0,0.0,0.0,0.0,0.0
79374_GSM2093560_SRR3236197,0.0,0.0,0.0,0.0,0.0,0.0,0.0,0.0,0.0,0.0
79374_GSM2093561_SRR3236198,0.0,0.0,0.0,0.0,0.0,0.0,0.0,0.0,0.0,0.0
79374_GSM2093562_SRR3236199,0.0,0.0,0.0,2.0,0.0,0.0,0.0,0.0,0.0,0.0
79374_GSM2093563_SRR3236200,0.0,0.0,0.0,2.0,0.0,0.0,0.0,0.0,0.0,0.0
79374_GSM2093564_SRR3236201,0.0,0.0,0.0,1.0,0.0,0.0,0.0,0.0,0.0,0.0
79374_GSM2093565_SRR3236202,0.0,0.0,0.0,3.0,0.0,0.0,0.0,0.0,0.0,0.0
79374_GSM2093566_SRR3236203,0.0,0.0,0.0,2.0,0.0,0.0,0.0,0.0,0.0,0.0
79374_GSM2093567_SRR3236204,0.0,0.0,0.0,1.0,0.0,0.0,0.0,0.0,0.0,0.0
79374_GSM2093568_SRR3236205,0.0,0.0,0.0,2.0,0.0,0.0,0.0,0.0,0.0,0.0
79374_GSM2093569_SRR3236206,0.0,0.0,0.0,0.0,0.0,0.0,0.0,0.0,0.0,0.0
79374_GSM2093570_SRR3236207,0.0,0.0,0.0,2.0,0.0,0.0,0.0,0.0,0.0,0.0
79374_GSM2093571_SRR3236208,0.0,0.0,0.0,2.0,0.0,0.0,0.0,0.0,0.0,0.0
79374_GSM2093572_SRR3236209,0.0,0.0,0.0,1.0,0.0,0.0,0.0,0.0,0.0,0.0
79374_GSM2093574_SRR3236211,0.0,0.0,0.0,0.0,0.0,0.0,0.0,0.0,0.0,0.0
79374_GSM2093575_SRR3236212,0.0,0.0,0.0,1.0,0.0,0.0,0.0,0.0,0.0,0.0
79374_GSM2093576_SRR3236213,0.0,0.0,0.0,2.0,0.0,0.0,0.0,0.0,0.0,0.0
79374_GSM2093577_SRR3236214,0.0,0.0,0.0,0.0,0.0,0.0,0.0,0.0,0.0,0.0
79374_GSM2093578_SRR3236215,0.0,0.0,0.0,1.0,0.0,0.0,0.0,0.0,0.0,0.0
79374_GSM2093579_SRR3236216,0.0,0.0,0.0,2.0,0.0,0.0,0.0,0.0,0.0,0.0
79374_GSM2093580_SRR3236217,0.0,0.0,0.0,0.0,0.0,0.0,0.0,0.0,0.0,0.0
79374_GSM2093581_SRR3236218,0.0,0.0,0.0,1.0,0.0,0.0,0.0,0.0,0.0,0.0
79374_GSM2093582_SRR3236219,0.0,0.0,0.0,1.0,0.0,0.0,0.0,0.0,0.0,0.0
79374_GSM2093583_SRR3236220,0.0,0.0,0.0,1.0,0.0,0.0,0.0,0.0,0.0,0.0
79374_GSM2093584_SRR3236221,0.0,0.0,0.0,3.0,0.0,0.0,0.0,0.0,0.0,0.0
79374_GSM2093585_SRR3236222,0.0,0.0,0.0,2.0,0.0,0.0,0.0,0.0,0.0,0.0
79374_GSM2093586_SRR3236223,0.0,0.0,0.0,0.0,0.0,0.0,0.0,0.0,0.0,0.0
79374_GSM2093587_SRR3236224,0.0,0.0,0.0,2.0,0.0,0.0,0.0,0.0,0.0,0.0
79374_GSM2093588_SRR3236225,0.0,0.0,0.0,1.0,0.0,0.0,0.0,0.0,0.0,0.0
79374_GSM2093589_SRR3236226,0.0,0.0,0.0,0.0,0.0,0.0,0.0,0.0,0.0,0.0
79374_GSM2093590_SRR3236227,0.0,0.0,0.0,0.0,0.0,0.0,0.0,0.0,0.0,0.0
79374_GSM2093591_SRR3236228,0.0,0.0,0.0,3.0,0.0,0.0,0.0,0.0,0.0,0.0
79374_GSM2093592_SRR3236229,0.0,0.0,0.0,1.0,0.0,0.0,0.0,0.0,0.0,0.0
79374_GSM2093593_SRR3236230,0.0,0.0,0.0,2.0,0.0,0.0,0.0,0.0,0.0,0.0
79374_GSM2093594_SRR3236231,0.0,0.0,0.0,2.0,0.0,0.0,0.0,0.0,0.0,0.0
79374_GSM2093595_SRR3236232,0.0,0.0,0.0,1.0,0.0,0.0,0.0,0.0,0.0,0.0
79374_GSM2093597_SRR3236234,0.0,0.0,0.0,1.0,0.0,0.0,0.0,0.0,0.0,0.0
79374_GSM2093599_SRR3236236,0.0,0.0,0.0,3.0,0.0,0.0,0.0,0.0,0.0,0.0
79374_GSM2093600_SRR3236237,0.0,0.0,0.0,0.0,0.0,0.0,0.0,0.0,0.0,0.0
79374_GSM2093601_SRR3236238,0.0,0.0,0.0,2.0,0.0,0.0,0.0,0.0,0.0,0.0
79374_GSM2093602_SRR3236239,0.0,0.0,0.0,2.0,0.0,0.0,0.0,0.0,0.0,0.0
79374_GSM2093603_SRR3236240,0.0,0.0,0.0,2.0,0.0,0.0,0.0,0.0,0.0,0.0
79374_GSM2093604_SRR3236241,0.0,0.0,0.0,2.0,0.0,0.0,0.0,0.0,0.0,0.0
79374_GSM2093605_SRR3236242,0.0,0.0,0.0,1.0,0.0,0.0,0.0,0.0,0.0,0.0
79374_GSM2093607_SRR3236244,0.0,0.0,0.0,1.0,0.0,0.0,0.0,0.0,0.0,0.0
79374_GSM2093608_SRR3236245,0.0,0.0,0.0,0.0,0.0,0.0,0.0,0.0,0.0,0.0
79374_GSM2093609_SRR3236246,0.0,0.0,0.0,0.0,0.0,0.0,0.0,0.0,0.0,0.0
79374_GSM2093610_SRR3236247,0.0,0.0,0.0,2.0,0.0,0.0,0.0,0.0,0.0,0.0
79374_GSM2093611_SRR3236248,0.0,0.0,0.0,1.0,0.0,0.0,0.0,0.0,0.0,0.0
79374_GSM2093612_SRR3236249,0.0,0.0,0.0,0.0,0.0,0.0,0.0,0.0,0.0,0.0
79374_GSM2093613_SRR3236250,0.0,0.0,0.0,1.0,0.0,0.0,0.0,0.0,0.0,0.0
79374_GSM2093614_SRR3236251,0.0,0.0,0.0,3.0,0.0,0.0,0.0,0.0,0.0,0.0
79374_GSM2093615_SRR3236252,0.0,0.0,0.0,0.0,0.0,0.0,0.0,0.0,0.0,0.0
79374_GSM2093618_SRR3236255,0.0,0.0,0.0,0.0,0.0,0.0,0.0,0.0,0.0,0.0
79374_GSM2093619_SRR3236256,0.0,0.0,0.0,1.0,0.0,0.0,0.0,0.0,0.0,0.0
79374_GSM2093620_SRR3236257,0.0,0.0,0.0,0.0,0.0,0.0,0.0,0.0,0.0,0.0
79374_GSM2093621_SRR3236258,0.0,0.0,0.0,2.0,0.0,0.0,0.0,0.0,0.0,0.0
79374_GSM2093622_SRR3236259,0.0,0.0,0.0,1.0,0.0,0.0,0.0,0.0,0.0,0.0
79374_GSM2093623_SRR3236260,0.0,0.0,0.0,0.0,0.0,0.0,0.0,0.0,0.0,0.0
79374_GSM2093624_SRR3236261,0.0,0.0,0.0,0.0,0.0,0.0,0.0,0.0,0.0,0.0
79374_GSM2093625_SRR3236262,0.0,0.0,0.0,1.0,0.0,0.0,0.0,0.0,0.0,0.0
79374_GSM2093626_SRR3236263,0.0,0.0,0.0,0.0,0.0,0.0,0.0,0.0,0.0,0.0
79374_GSM2093627_SRR3236264,0.0,0.0,0.0,1.0,0.0,0.0,0.0,0.0,0.0,0.0
79374_GSM2093628_SRR3236265,0.0,0.0,0.0,0.0,0.0,0.0,0.0,0.0,0.0,0.0
79374_GSM2093629_SRR3236266,0.0,0.0,0.0,0.0,0.0,0.0,0.0,0.0,0.0,0.0
79374_GSM2093632_SRR3236269,0.0,0.0,0.0,2.0,0.0,0.0,0.0,0.0,0.0,0.0
79374_GSM2093656_SRR3236293,0.0,0.0,0.0,2.0,0.0,0.0,0.0,0.0,0.0,0.0
79374_GSM2093672_SRR3236309,0.0,0.0,0.0,0.0,0.0,0.0,0.0,0.0,0.0,0.0
79374_GSM2093674_SRR3236311,0.0,0.0,0.0,1.0,0.0,0.0,0.0,0.0,0.0,0.0
79374_GSM2093675_SRR3236312,0.0,0.0,0.0,1.0,0.0,0.0,0.0,0.0,0.0,0.0
92707_GSM2435599_SRR5123652,0.0,0.0,0.0,0.0,0.0,1.0,0.0,0.0,0.0,0.0
92707_GSM2435600_SRR5123653,0.0,0.0,0.0,0.0,1.0,1.0,0.0,0.0,0.0,0.0
92707_GSM2435601_SRR5123654,0.0,0.0,0.0,0.0,0.0,1.0,0.0,0.0,0.0,0.0
92707_GSM2435602_SRR5123655,0.0,0.0,0.0,0.0,1.0,0.0,0.0,0.0,0.0,0.0
92707_GSM2435603_SRR5123656,0.0,0.0,0.0,0.0,1.0,1.0,0.0,0.0,0.0,0.0
92707_GSM2435604_SRR5123657,0.0,0.0,0.0,0.0,0.0,1.0,0.0,0.0,0.0,0.0
92707_GSM2435605_SRR5123658,0.0,0.0,0.0,0.0,0.0,2.0,0.0,0.0,0.0,0.0
92707_GSM2435606_SRR5123659,0.0,0.0,0.0,0.0,1.0,3.0,0.0,0.0,0.0,0.0
92707_GSM2435607_SRR5123660,0.0,0.0,0.0,0.0,1.0,2.0,0.0,0.0,0.0,0.0
92707_GSM2435608_SRR5123661,0.0,0.0,0.0,0.0,1.0,1.0,0.0,0.0,0.0,0.0
92707_GSM2435609_SRR5123662,0.0,0.0,0.0,0.0,1.0,0.0,0.0,0.0,0.0,0.0
92707_GSM2435610_SRR5123663,0.0,0.0,0.0,0.0,0.0,1.0,0.0,0.0,0.0,0.0
92707_GSM2435611_SRR5123664,0.0,0.0,0.0,0.0,0.0,1.0,0.0,0.0,0.0,0.0
92707_GSM2435612_SRR5123665,0.0,0.0,0.0,0.0,0.0,0.0,0.0,0.0,0.0,0.0
92707_GSM2435613_SRR5123666,0.0,0.0,0.0,0.0,1.0,1.0,0.0,0.0,0.0,0.0
92707_GSM2435614_SRR5123667,0.0,0.0,0.0,0.0,0.0,0.0,0.0,0.0,0.0,0.0
92707_GSM2435615_SRR5123668,0.0,0.0,0.0,0.0,1.0,1.0,0.0,0.0,0.0,0.0
92707_GSM2435616_SRR5123669,0.0,0.0,0.0,0.0,1.0,1.0,0.0,0.0,0.0,0.0
92707_GSM2435617_SRR5123670,0.0,0.0,0.0,0.0,0.0,1.0,0.0,0.0,0.0,0.0
92707_GSM2435618_SRR5123671,0.0,0.0,0.0,0.0,1.0,1.0,0.0,0.0,0.0,0.0
92707_GSM2435619_SRR5123672,0.0,0.0,0.0,0.0,0.0,1.0,0.0,0.0,0.0,0.0
92707_GSM2435620_SRR5123673,0.0,0.0,0.0,0.0,1.0,1.0,0.0,0.0,0.0,0.0
92707_GSM2435621_SRR5123674,0.0,0.0,0.0,0.0,1.0,1.0,0.0,0.0,0.0,0.0
92707_GSM2435622_SRR5123675,0.0,0.0,0.0,0.0,0.0,1.0,0.0,0.0,0.0,0.0
92707_GSM2435623_SRR5123676,0.0,0.0,0.0,0.0,0.0,0.0,0.0,0.0,0.0,0.0
92707_GSM2435624_SRR5123677,0.0,0.0,0.0,0.0,1.0,2.0,0.0,0.0,0.0,0.0
92707_GSM2435625_SRR5123678,0.0,0.0,0.0,0.0,1.0,2.0,0.0,0.0,0.0,0.0
92707_GSM2435626_SRR5123679,0.0,0.0,0.0,0.0,1.0,1.0,0.0,0.0,0.0,0.0
92707_GSM2435627_SRR5123680,0.0,0.0,0.0,0.0,1.0,2.0,0.0,0.0,0.0,0.0
92707_GSM2435628_SRR5123681,0.0,0.0,0.0,0.0,0.0,0.0,0.0,0.0,0.0,0.0
92707_GSM2435629_SRR5123682,0.0,0.0,0.0,0.0,0.0,1.0,0.0,0.0,0.0,0.0
92707_GSM2435630_SRR5123683,0.0,0.0,0.0,0.0,0.0,1.0,0.0,0.0,0.0,0.0
92707_GSM2435631_SRR5123684,0.0,0.0,0.0,0.0,1.0,1.0,0.0,0.0,0.0,0.0
92707_GSM2435632_SRR5123685,0.0,0.0,0.0,0.0,0.0,1.0,0.0,0.0,0.0,0.0
92707_GSM2435633_SRR5123686,0.0,0.0,0.0,0.0,1.0,2.0,0.0,0.0,0.0,0.0
92707_GSM2435634_SRR5123687,0.0,0.0,0.0,0.0,1.0,2.0,0.0,0.0,0.0,0.0
92707_GSM2435635_SRR5123688,0.0,0.0,0.0,0.0,1.0,2.0,0.0,0.0,0.0,0.0
92707_GSM2435636_SRR5123689,0.0,0.0,0.0,0.0,0.0,1.0,0.0,0.0,0.0,0.0
92707_GSM2435637_SRR5123690,0.0,0.0,0.0,0.0,1.0,2.0,0.0,0.0,0.0,0.0
92707_GSM2435638_SRR5123691,0.0,0.0,0.0,0.0,1.0,1.0,0.0,0.0,0.0,0.0
92707_GSM2435639_SRR5123692,0.0,0.0,0.0,0.0,0.0,1.0,0.0,0.0,0.0,0.0
92707_GSM2435640_SRR5123693,0.0,0.0,0.0,0.0,0.0,1.0,0.0,0.0,0.0,0.0
92707_GSM2435641_SRR5123694,0.0,0.0,0.0,0.0,0.0,1.0,0.0,0.0,0.0,0.0
92707_GSM2435642_SRR5123695,0.0,0.0,0.0,0.0,0.0,2.0,0.0,0.0,0.0,0.0
92707_GSM2435643_SRR5123696,0.0,0.0,0.0,0.0,0.0,1.0,0.0,0.0,0.0,0.0
92707_GSM2435644_SRR5123697,0.0,0.0,0.0,0.0,0.0,1.0,0.0,0.0,0.0,0.0
92707_GSM2435645_SRR5123698,0.0,0.0,0.0,0.0,1.0,2.0,0.0,0.0,0.0,0.0
92707_GSM2435646_SRR5123699,0.0,0.0,0.0,0.0,1.0,1.0,0.0,0.0,0.0,0.0
92707_GSM2435647_SRR5123700,0.0,0.0,0.0,0.0,0.0,2.0,0.0,0.0,0.0,0.0
92707_GSM2435648_SRR5123701,0.0,0.0,0.0,0.0,1.0,2.0,0.0,0.0,0.0,0.0
92707_GSM2435649_SRR5123702,0.0,0.0,0.0,0.0,1.0,2.0,0.0,0.0,0.0,0.0
92707_GSM2435650_SRR5123703,0.0,0.0,0.0,0.0,0.0,1.0,0.0,0.0,0.0,0.0
92707_GSM2435651_SRR5123704,0.0,0.0,0.0,0.0,1.0,2.0,0.0,0.0,0.0,0.0
92707_GSM2435652_SRR5123705,0.0,0.0,0.0,0.0,0.0,1.0,0.0,0.0,0.0,0.0
92707_GSM2435653_SRR5123706,0.0,0.0,0.0,0.0,0.0,2.0,0.0,0.0,0.0,0.0
92707_GSM2435654_SRR5123707,0.0,0.0,0.0,0.0,0.0,1.0,0.0,0.0,0.0,0.0
92707_GSM2435655_SRR5123708,0.0,0.0,0.0,0.0,1.0,1.0,0.0,0.0,0.0,0.0
92707_GSM2435657_SRR5123710,0.0,0.0,0.0,0.0,1.0,1.0,0.0,0.0,0.0,0.0
92707_GSM2435658_SRR5123711,0.0,0.0,0.0,0.0,0.0,1.0,0.0,0.0,0.0,0.0
92707_GSM2435659_SRR5123712,0.0,0.0,0.0,0.0,0.0,0.0,0.0,0.0,0.0,0.0
92707_GSM2435660_SRR5123713,0.0,0.0,0.0,0.0,0.0,1.0,0.0,0.0,0.0,0.0
92707_GSM2435661_SRR5123714,0.0,0.0,0.0,0.0,1.0,2.0,0.0,0.0,0.0,0.0
92707_GSM2435662_SRR5123715,0.0,0.0,0.0,0.0,1.0,1.0,0.0,0.0,0.0,0.0
92707_GSM2435663_SRR5123716,0.0,0.0,0.0,0.0,0.0,1.0,0.0,0.0,0.0,0.0
92707_GSM2435664_SRR5123717,0.0,0.0,0.0,0.0,0.0,1.0,0.0,0.0,0.0,0.0
92707_GSM2435665_SRR5123718,0.0,0.0,0.0,0.0,1.0,1.0,0.0,0.0,0.0,0.0
92707_GSM2435666_SRR5123719,0.0,0.0,0.0,0.0,1.0,1.0,0.0,0.0,0.0,0.0
92707_GSM2435667_SRR5123720,0.0,0.0,0.0,0.0,1.0,1.0,0.0,0.0,0.0,0.0
92707_GSM2435668_SRR5123721,0.0,0.0,0.0,0.0,1.0,2.0,0.0,0.0,0.0,0.0
92707_GSM2435669_SRR5123722,0.0,0.0,0.0,0.0,1.0,2.0,0.0,0.0,0.0,0.0
92707_GSM2435670_SRR5123723,0.0,0.0,0.0,0.0,0.0,0.0,0.0,0.0,0.0,0.0
92707_GSM2435671_SRR5123724,0.0,0.0,0.0,0.0,0.0,1.0,0.0,0.0,0.0,0.0
92707_GSM2435672_SRR5123725,0.0,0.0,0.0,0.0,1.0,1.0,0.0,0.0,0.0,0.0
92707_GSM2435673_SRR5123726,0.0,0.0,0.0,0.0,1.0,2.0,0.0,0.0,0.0,0.0
92707_GSM2435674_SRR5123727,0.0,0.0,0.0,0.0,1.0,1.0,0.0,0.0,0.0,0.0
92707_GSM2435675_SRR5123728,0.0,0.0,0.0,0.0,1.0,2.0,0.0,0.0,0.0,0.0
92707_GSM2435676_SRR5123729,0.0,0.0,0.0,0.0,1.0,2.0,0.0,0.0,0.0,0.0
92707_GSM2435677_SRR5123730,0.0,0.0,0.0,0.0,0.0,1.0,0.0,0.0,0.0,0.0
92707_GSM2435678_SRR5123731,0.0,0.0,0.0,0.0,1.0,1.0,0.0,0.0,0.0,0.0
92707_GSM2435679_SRR5123732,0.0,0.0,0.0,0.0,0.0,2.0,0.0,0.0,0.0,0.0
92707_GSM2435680_SRR5123733,0.0,0.0,0.0,0.0,1.0,1.0,0.0,0.0,0.0,0.0
92707_GSM2435681_SRR5123734,0.0,0.0,0.0,0.0,0.0,2.0,0.0,0.0,0.0,0.0
92707_GSM2435682_SRR5123735,0.0,0.0,0.0,0.0,1.0,2.0,0.0,0.0,0.0,0.0
92707_GSM2435683_SRR5123736,0.0,0.0,0.0,0.0,0.0,2.0,0.0,0.0,0.0,0.0
92707_GSM2435684_SRR5123737,0.0,0.0,0.0,0.0,1.0,3.0,0.0,0.0,0.0,0.0
92707_GSM2435685_SRR5123738,0.0,0.0,0.0,0.0,1.0,2.0,0.0,0.0,0.0,0.0
92707_GSM2435686_SRR5123739,0.0,0.0,0.0,0.0,1.0,1.0,0.0,0.0,0.0,0.0
92707_GSM2435687_SRR5123740,0.0,0.0,0.0,0.0,0.0,1.0,0.0,0.0,0.0,0.0
92707_GSM2435688_SRR5123741,0.0,0.0,0.0,0.0,1.0,2.0,0.0,0.0,0.0,0.0
92707_GSM2435689_SRR5123742,0.0,0.0,0.0,0.0,1.0,1.0,0.0,0.0,0.0,0.0
92707_GSM2435690_SRR5123743,0.0,0.0,0.0,0.0,0.0,0.0,0.0,0.0,0.0,0.0
92707_GSM2435691_SRR5123744,0.0,0.0,0.0,0.0,1.0,2.0,0.0,0.0,0.0,0.0
92707_GSM2435692_SRR5123745,0.0,0.0,0.0,0.0,1.0,2.0,0.0,0.0,0.0,0.0
92707_GSM2435693_SRR5123746,0.0,0.0,0.0,0.0,1.0,3.0,0.0,0.0,0.0,0.0
92707_GSM2435694_SRR5123747,0.0,0.0,0.0,0.0,1.0,2.0,0.0,0.0,0.0,0.0
92707_GSM2435695_SRR5123748,0.0,0.0,0.0,0.0,1.0,2.0,0.0,0.0,0.0,0.0
92707_GSM2435696_SRR5123749,0.0,0.0,0.0,0.0,1.0,1.0,0.0,0.0,0.0,0.0
92707_GSM2435697_SRR5123750,0.0,0.0,0.0,0.0,1.0,2.0,0.0,0.0,0.0,0.0
92707_GSM2435698_SRR5123751,0.0,0.0,0.0,0.0,1.0,2.0,0.0,0.0,0.0,0.0
92707_GSM2435699_SRR5123752,0.0,0.0,0.0,0.0,0.0,0.0,0.0,0.0,0.0,0.0
92707_GSM2435700_SRR5123753,0.0,0.0,0.0,0.0,0.0,3.0,0.0,0.0,0.0,0.0
92707_GSM2435701_SRR5123754,0.0,0.0,0.0,0.0,0.0,0.0,0.0,0.0,0.0,0.0
92707_GSM2435702_SRR5123755,0.0,0.0,0.0,0.0,1.0,2.0,0.0,0.0,0.0,0.0
92707_GSM2435703_SRR5123756,0.0,0.0,0.0,0.0,1.0,2.0,0.0,0.0,0.0,0.0
92707_GSM2435704_SRR5123757,0.0,0.0,0.0,2.0,0.0,0.0,0.0,0.0,0.0,0.0
92707_GSM2435705_SRR5123758,0.0,0.0,0.0,0.0,0.0,2.0,0.0,0.0,0.0,0.0
92707_GSM2435706_SRR5123759,0.0,0.0,0.0,0.0,1.0,2.0,0.0,0.0,0.0,0.0
92707_GSM2435707_SRR5123760,0.0,0.0,0.0,0.0,0.0,0.0,0.0,0.0,0.0,0.0
92707_GSM2435708_SRR5123761,0.0,0.0,0.0,0.0,0.0,0.0,0.0,0.0,0.0,0.0
92707_GSM2435709_SRR5123762,0.0,0.0,0.0,0.0,1.0,3.0,0.0,0.0,0.0,0.0
92707_GSM2435710_SRR5123763,0.0,0.0,0.0,0.0,0.0,1.0,0.0,0.0,0.0,0.0
92707_GSM2435711_SRR5123764,0.0,0.0,0.0,0.0,1.0,2.0,0.0,0.0,0.0,0.0
92707_GSM2435712_SRR5123765,0.0,0.0,0.0,0.0,0.0,0.0,0.0,0.0,0.0,0.0
92707_GSM2435713_SRR5123766,0.0,0.0,0.0,0.0,1.0,2.0,0.0,0.0,0.0,0.0
92707_GSM2435714_SRR5123767,0.0,0.0,0.0,0.0,1.0,2.0,0.0,0.0,0.0,0.0
92707_GSM2435715_SRR5123768,0.0,0.0,0.0,0.0,0.0,2.0,0.0,0.0,0.0,0.0
92707_GSM2435716_SRR5123769,0.0,0.0,0.0,0.0,1.0,2.0,0.0,0.0,0.0,0.0
92707_GSM2435717_SRR5123770,0.0,0.0,0.0,0.0,1.0,2.0,0.0,0.0,0.0,0.0
92707_GSM2435718_SRR5123771,0.0,0.0,0.0,0.0,0.0,1.0,0.0,0.0,0.0,0.0
92707_GSM2435719_SRR5123772,0.0,0.0,0.0,0.0,1.0,1.0,0.0,0.0,0.0,0.0
92707_GSM2435720_SRR5123773,0.0,0.0,0.0,0.0,0.0,2.0,0.0,0.0,0.0,0.0
92707_GSM2435721_SRR5123774,0.0,0.0,0.0,0.0,0.0,1.0,0.0,0.0,0.0,0.0
92707_GSM2435722_SRR5123775,0.0,0.0,0.0,0.0,0.0,0.0,0.0,0.0,0.0,0.0
92707_GSM2435724_SRR5123777,0.0,0.0,0.0,0.0,1.0,1.0,0.0,0.0,0.0,0.0
92707_GSM2435725_SRR5123778,0.0,0.0,0.0,0.0,1.0,2.0,0.0,0.0,0.0,0.0
92707_GSM2435726_SRR5123779,0.0,0.0,0.0,0.0,1.0,2.0,0.0,0.0,0.0,0.0
92707_GSM2435727_SRR5123780,0.0,0.0,0.0,0.0,1.0,2.0,0.0,0.0,0.0,0.0
92707_GSM2435728_SRR5123781,0.0,0.0,0.0,0.0,1.0,2.0,0.0,0.0,0.0,0.0
92707_GSM2435729_SRR5123782,0.0,0.0,0.0,0.0,1.0,3.0,0.0,0.0,0.0,0.0
92707_GSM2435730_SRR5123783,0.0,0.0,0.0,0.0,0.0,1.0,0.0,0.0,0.0,0.0
92707_GSM2435731_SRR5123784,0.0,0.0,0.0,0.0,1.0,2.0,0.0,0.0,0.0,0.0
92707_GSM2435732_SRR5123785,0.0,0.0,0.0,0.0,1.0,2.0,0.0,0.0,0.0,0.0
92707_GSM2435733_SRR5123786,0.0,0.0,0.0,0.0,1.0,2.0,0.0,0.0,0.0,0.0
92707_GSM2435734_SRR5123787,0.0,0.0,0.0,0.0,1.0,2.0,0.0,0.0,0.0,0.0
92707_GSM2435735_SRR5123788,0.0,0.0,0.0,0.0,1.0,2.0,0.0,0.0,0.0,0.0
92707_GSM2435736_SRR5123789,0.0,0.0,0.0,0.0,1.0,2.0,0.0,0.0,0.0,0.0
92707_GSM2435737_SRR5123790,0.0,0.0,0.0,0.0,1.0,1.0,0.0,0.0,0.0,0.0
92707_GSM2435738_SRR5123791,0.0,0.0,0.0,0.0,1.0,2.0,0.0,0.0,0.0,0.0
92707_GSM2435739_SRR5123792,0.0,0.0,0.0,0.0,1.0,2.0,0.0,0.0,0.0,0.0
92707_GSM2435740_SRR5123793,0.0,0.0,0.0,0.0,1.0,2.0,0.0,0.0,0.0,0.0
92707_GSM2435741_SRR5123794,0.0,0.0,0.0,0.0,1.0,2.0,0.0,0.0,0.0,0.0
92707_GSM2435742_SRR5123795,0.0,0.0,0.0,0.0,1.0,2.0,0.0,0.0,0.0,0.0
92707_GSM2435743_SRR5123796,0.0,0.0,0.0,0.0,1.0,2.0,0.0,0.0,0.0,0.0
92707_GSM2435744_SRR5123797,0.0,0.0,0.0,0.0,0.0,0.0,0.0,0.0,0.0,0.0
92707_GSM2435745_SRR5123798,0.0,0.0,0.0,0.0,1.0,3.0,0.0,0.0,0.0,0.0
92707_GSM2435746_SRR5123799,0.0,0.0,0.0,0.0,0.0,0.0,0.0,0.0,0.0,0.0
92707_GSM2435747_SRR5123800,0.0,0.0,0.0,0.0,2.0,3.0,0.0,0.0,0.0,0.0
92707_GSM2435748_SRR5123801,0.0,0.0,0.0,0.0,0.0,0.0,0.0,0.0,0.0,0.0
92707_GSM2435749_SRR5123802,0.0,0.0,0.0,0.0,1.0,2.0,0.0,0.0,0.0,0.0
92707_GSM2435750_SRR5123803,0.0,0.0,0.0,0.0,1.0,2.0,0.0,0.0,0.0,0.0
92707_GSM2435751_SRR5123804,0.0,0.0,0.0,0.0,1.0,2.0,0.0,0.0,0.0,0.0
92707_GSM2435752_SRR5123805,0.0,0.0,0.0,0.0,1.0,2.0,0.0,0.0,0.0,0.0
92707_GSM2435753_SRR5123806,0.0,0.0,0.0,0.0,0.0,0.0,0.0,0.0,0.0,0.0
92707_GSM2435754_SRR5123807,0.0,0.0,0.0,0.0,0.0,1.0,0.0,0.0,0.0,0.0
92707_GSM2435755_SRR5123808,0.0,0.0,0.0,0.0,0.0,0.0,0.0,0.0,0.0,0.0
92707_GSM2435756_SRR5123809,0.0,0.0,0.0,0.0,1.0,2.0,0.0,0.0,0.0,0.0
92707_GSM2435757_SRR5123810,0.0,0.0,0.0,0.0,1.0,4.0,0.0,0.0,0.0,0.0
92707_GSM2435758_SRR5123811,0.0,0.0,0.0,0.0,1.0,2.0,0.0,0.0,0.0,0.0
92707_GSM2435759_SRR5123812,0.0,0.0,0.0,1.0,0.0,0.0,0.0,0.0,0.0,0.0
92707_GSM2435760_SRR5123813,0.0,0.0,0.0,0.0,0.0,1.0,0.0,0.0,0.0,0.0
92707_GSM2435761_SRR5123814,0.0,0.0,0.0,0.0,1.0,2.0,0.0,0.0,0.0,0.0
